,Sample,Bkp_count,Bases
0,CCIS00146684ST-4-0,353,6512170482.0
1,CCIS00281083ST-3-0,184,3298640533.0
2,CCIS02124300ST-4-0,495,7846466205.0
3,CCIS02379307ST-4-0,2141,907920835.0
4,CCIS02856720ST-4-0,258,6190369807.0
5,CCIS03473770ST-4-0,224,3733212784.0
6,CCIS03857607ST-4-0,352,5403961311.0
7,CCIS05314658ST-4-0,283,5175146179.0
8,CCIS06260551ST-3-0,113,2826425982.0
9,CCIS07277498ST-4-0,365,5667757614.0
10,CCIS07539127ST-4-0,339,5817465348.0
11,CCIS07648107ST-4-0,412,5739043252.0
12,CCIS08668806ST-3-0,357,1560454141.0
13,CCIS09568613ST-4-0,228,6488989235.0
14,CCIS10706551ST-3-0,365,5152050233.0
15,CCIS10793554ST-4-0,330,3369353210.0
16,CCIS11015875ST-4-0,230,5021042144.0
17,CCIS11354283ST-4-0,375,5296232853.0
18,CCIS11362406ST-4-0,268,8334068161.0
19,CCIS11558985ST-4-0,222,3229069072.0
20,CCIS12370844ST-4-0,53,497672074.0
21,CCIS12656533ST-4-0,226,3848992468.0
22,CCIS13047523ST-4-0,488,5363998665.0
23,CCIS14449628ST-4-0,208,4256129777.0
24,CCIS15704761ST-4-0,253,3631882002.0
25,CCIS15794887ST-4-0,554,3698892069.0
26,CCIS16326685ST-4-0,519,4547422592.0
27,CCIS16383318ST-4-0,356,6621569027.0
28,CCIS16561622ST-4-0,360,7453752248.0
29,CCIS17669415ST-4-0,258,5754783062.0
30,CCIS20795251ST-4-0,208,4611051584.0
31,CCIS21126322ST-4-0,321,6704190994.0
32,CCIS21278152ST-4-0,399,4306955793.0
33,CCIS22416007ST-4-0,433,7567990129.0
34,CCIS22906510ST-20-0,574,7634935649.0
35,CCIS22958137ST-20-0,438,8757847513.0
36,CCIS23164343ST-4-0,303,5871764899.0
37,CCIS24254057ST-4-0,210,11694061283.0
38,CCIS24898163ST-4-0,536,1062478244.0
39,CCIS25399172ST-4-0,193,2474388952.0
40,CCIS27304052ST-3-0,212,3405411697.0
41,CCIS27927933ST-4-0,228,7788532840.0
42,CCIS29210128ST-4-0,330,3986872657.0
43,CCIS29688262ST-20-0,588,7382792447.0
44,CCIS31434951ST-20-0,326,2620882999.0
45,CCIS32105356ST-4-0,396,4392664436.0
46,CCIS32452666ST-4-0,219,4440407460.0
47,CCIS33816588ST-4-0,301,5678829952.0
48,CCIS34055159ST-4-0,243,3943928884.0
49,CCIS34604008ST-4-0,404,6044922649.0
50,CCIS35092938ST-4-0,235,3817577484.0
51,CCIS35100175ST-4-0,371,4449210952.0
52,CCIS36699628ST-4-0,401,5731938297.0
53,CCIS36797902ST-4-0,228,3608044435.0
54,CCIS37250421ST-4-0,321,4298774503.0
55,CCIS38765456ST-20-0,263,7211705897.0
56,CCIS40244499ST-3-0,376,4411570203.0
57,CCIS41222843ST-4-0,404,7602125134.0
58,CCIS41288781ST-4-0,166,3791242240.0
59,CCIS41548810ST-4-0,199,4694864212.0
60,CCIS41692898ST-4-0,504,6490271467.0
61,CCIS41806458ST-4-0,282,4887131910.0
62,CCIS44093303ST-4-0,403,6267951889.0
63,CCIS44676181ST-4-0,367,3614755975.0
64,CCIS44743950ST-4-0,345,6695072003.0
65,CCIS44757994ST-4-0,186,4076256445.0
66,CCIS45571137ST-3-0,111,2643933782.0
67,CCIS45793747ST-4-0,352,7119073064.0
68,CCIS46047672ST-4-0,371,3427270177.0
69,CCIS46467422ST-4-0,140,1015859086.0
70,CCIS47284573ST-4-0,367,3264825557.0
71,CCIS48174381ST-4-0,404,4358945393.0
72,CCIS48507077ST-4-0,406,4621474821.0
73,CCIS48579360ST-4-0,366,2772292441.0
74,CCIS48725289ST-4-0,264,2924500773.0
75,CCIS50003399ST-4-0,491,5408998961.0
76,CCIS50148151ST-4-0,312,4488120560.0
77,CCIS50369211ST-20-0,651,1875556820.0
78,CCIS50471204ST-4-0,432,6959611519.0
79,CCIS51595129ST-4-0,315,5016717280.0
80,CCIS51667829ST-4-0,278,6298057148.0
81,CCIS52370277ST-4-0,402,4655519051.0
82,CCIS53043478ST-4-0,331,3331840282.0
83,CCIS53355328ST-4-0,211,3182274234.0
84,CCIS53557295ST-4-0,340,2588976210.0
85,CCIS54027808ST-4-0,453,3917549022.0
86,CCIS55230578ST-4-0,264,4925782891.0
87,CCIS55531770ST-4-0,341,1805826811.0
88,CCIS58234805ST-4-0,272,2054641330.0
89,CCIS59132091ST-4-0,362,8528422674.0
90,CCIS59903910ST-4-0,253,4576724560.0
91,CCIS61287323ST-4-0,492,6259486032.0
92,CCIS62605362ST-3-0,282,10842063366.0
93,CCIS62794166ST-4-0,235,3209540648.0
94,CCIS63448910ST-4-0,261,5241560072.0
95,CCIS63468405ST-4-0,352,5705040835.0
96,CCIS63910149ST-4-0,332,1992837785.0
97,CCIS64773582ST-4-0,433,7966706877.0
98,CCIS64785924ST-20-0,1046,1128108433.0
99,CCIS65479369ST-4-0,244,1369967696.0
100,CCIS70398272ST-4-0,295,6568369799.0
101,CCIS71301801ST-4-0,377,8220141004.0
102,CCIS71578391ST-4-0,382,6260894901.0
103,CCIS72607085ST-4-0,185,3848726385.0
104,CCIS74239020ST-4-0,339,5138705109.0
105,CCIS74726977ST-3-0,519,11663668391.0
106,CCIS76563044ST-4-0,365,6214540074.0
107,CCIS76845094ST-20-0,607,13684791942.0
108,CCIS77252613ST-4-0,703,7783680878.0
109,CCIS78100604ST-4-0,407,6619013691.0
110,CCIS78318719ST-4-0,243,4966168603.0
111,CCIS79210440ST-3-0,142,3056783044.0
112,CCIS80834637ST-4-0,556,8078577899.0
113,CCIS81139242ST-4-0,546,5713080966.0
114,CCIS81710917ST-20-0,339,9060668209.0
115,CCIS81887263ST-4-0,396,7809347444.0
116,CCIS82146115ST-4-0,401,7855270798.0
117,CCIS82507866ST-3-0,156,3180717679.0
118,CCIS82944710ST-20-0,2098,803852416.0
119,CCIS83445808ST-4-0,267,3640432033.0
120,CCIS83870198ST-4-0,290,6297114104.0
121,CCIS84543192ST-4-0,208,2811757403.0
122,CCIS85214191ST-3-0,271,4841564987.0
123,CCIS87116798ST-4-0,234,4239137877.0
124,CCIS87167916ST-4-0,63,3868143620.0
125,CCIS87252800ST-4-0,208,2216475835.0
126,CCIS87605453ST-4-0,392,7016009997.0
127,CCIS88007743ST-4-0,365,5261700925.0
128,CCIS88317640ST-4-0,432,6089304969.0
129,CCIS90164298ST-4-0,369,5520171452.0
130,CCIS91228662ST-4-0,458,8027807010.0
131,CCIS93040568ST-20-0,352,1233826155.0
132,CCIS94417875ST-3-0,108,3132363570.0
133,CCIS94496512ST-4-0,362,3230104037.0
134,CCIS94603952ST-4-0,307,5868133832.0
135,CCIS95097901ST-4-0,402,4271802257.0
136,CCIS95409808ST-4-0,398,5931273309.0
137,CCIS96387239ST-4-0,255,2752039312.0
138,CCIS98482370ST-3-0,192,3154490787.0
139,CCIS98512455ST-4-0,331,3914532361.0
140,CCIS98832363ST-4-0,405,5748965241.0
141,DRR127478,666,6486706572.0
142,DRR127481,740,8714631225.0
143,DRR127485,962,9023711379.0
144,DRR127488,1199,11268958205.0
145,DRR127491,452,2124339384.0
146,DRR127507,771,5033451978.0
147,DRR127509,976,6291025847.0
148,DRR127514,773,2160696301.0
149,DRR127515,895,10773756152.0
150,DRR127517,923,8117330663.0
151,DRR127519,690,8506158049.0
152,DRR127521,950,7485815395.0
153,DRR127524,835,11071213007.0
154,DRR127532,1156,4923550468.0
155,DRR127535,778,3890370691.0
156,DRR127536,961,6795738690.0
157,DRR127537,566,5932336432.0
158,DRR127546,736,14102828544.0
159,DRR127552,624,4020310152.0
160,DRR127557,858,4710443973.0
161,DRR127559,1199,6603287365.0
162,DRR127567,353,5731747535.0
163,DRR127579,651,6262276088.0
164,DRR127580,1051,6252293877.0
165,DRR127583,1250,7199905782.0
166,DRR127588,609,5865243226.0
167,DRR127596,816,5510583785.0
168,DRR127597,1016,4888766664.0
169,DRR127603,1372,4511745194.0
170,DRR127613,1546,5925622603.0
171,DRR127616,1320,6648229136.0
172,DRR127617,1159,4883791076.0
173,DRR127619,897,5120578302.0
174,DRR127625,1159,6257013250.0
175,DRR127628,1009,6174743097.0
176,DRR127634,1010,10389944355.0
177,DRR127638,905,4392262187.0
178,DRR127646,1222,5995084694.0
179,DRR127647,765,5299259399.0
180,DRR127649,1212,5943253116.0
181,DRR127666,967,5981611447.0
182,DRR127669,928,3658139787.0
183,DRR127672,853,6198285404.0
184,DRR127674,1146,6875666831.0
185,DRR127683,555,6041888886.0
186,DRR127685,1200,6025260440.0
187,DRR127692,1251,5405697464.0
188,DRR127700,845,4707908266.0
189,DRR127704,1026,6123261856.0
190,DRR127707,1059,8872142135.0
191,DRR127708,1668,4141675679.0
192,DRR127713,776,6844558145.0
193,DRR127718,668,5433741142.0
194,DRR127720,1744,6960096202.0
195,DRR127721,578,6412035294.0
196,DRR127724,909,8039395131.0
197,DRR127728,225,6965158871.0
198,DRR127731,625,9042731896.0
199,DRR127736,832,5877007992.0
200,DRR127748,804,5205593175.0
201,DRR127751,676,7918737006.0
202,DRR127752,683,7120548014.0
203,DRR127754,1552,6727471684.0
204,DRR127755,930,6290180311.0
205,DRR127756,766,7140034501.0
206,DRR127762,866,7457652606.0
207,DRR127763,1008,6863461637.0
208,DRR127767,951,6653889064.0
209,DRR127774,1240,5515213950.0
210,DRR127776,665,7510078593.0
211,DRR127777,1141,7559306882.0
212,DRR127789,1220,6926623274.0
213,DRR162775,521,6001676288.0
214,DRR162776,486,4701732700.0
215,DRR162777,1058,4990905572.0
216,DRR162778,985,8462198734.0
217,DRR162779,1200,3640483934.0
218,DRR171459,169,4757249321.0
219,ERR1018185,303,5782402056.0
220,ERR1018186,421,4958196559.0
221,ERR1018187,292,5674034861.0
222,ERR1018188,517,5343486861.0
223,ERR1018189,402,6090719237.0
224,ERR1018190,174,4952005733.0
225,ERR1018191,206,5958738352.0
226,ERR1018192,325,5634395962.0
227,ERR1018193,326,5802081901.0
228,ERR1018194,337,5848388244.0
229,ERR1018195,348,6128118370.0
230,ERR1018196,507,6312390149.0
231,ERR1018197,430,5750793357.0
232,ERR1018198,397,5366059753.0
233,ERR1018199,284,2820598675.0
234,ERR1018200,338,5593003062.0
235,ERR1018201,300,5352993848.0
236,ERR1018202,287,4898058708.0
237,ERR1018203,385,5167203436.0
238,ERR1018204,179,5260734071.0
239,ERR1018205,297,5434611996.0
240,ERR1018206,377,5963691551.0
241,ERR1018207,317,4319033464.0
242,ERR1018208,127,5458804627.0
243,ERR1018209,438,5409995654.0
244,ERR1018210,371,5746098424.0
245,ERR1018211,359,5870370380.0
246,ERR1018212,337,5620259779.0
247,ERR1018213,404,5477743161.0
248,ERR1018214,413,5867266433.0
249,ERR1018215,467,6779395176.0
250,ERR1018216,352,4324269958.0
251,ERR1018217,472,5953975242.0
252,ERR1018218,415,6116520802.0
253,ERR1018219,187,7071081405.0
254,ERR1018220,683,6648869146.0
255,ERR1018221,322,5583533631.0
256,ERR1018222,334,5490157283.0
257,ERR1018223,346,6005812224.0
258,ERR1018224,409,4798011366.0
259,ERR1018225,569,4215741721.0
260,ERR1018226,390,6659496745.0
261,ERR1018227,467,7063847425.0
262,ERR1018228,562,6074413096.0
263,ERR1018229,501,5388058294.0
264,ERR1018230,318,5805169579.0
265,ERR1018231,412,5270117008.0
266,ERR1018232,16,6435852633.0
267,ERR1018233,379,6895320232.0
268,ERR1018234,78,5938321460.0
269,ERR1018235,448,6673610903.0
270,ERR1018236,431,6814348601.0
271,ERR1018238,492,7024760687.0
272,ERR1018239,386,5749744210.0
273,ERR1018240,362,6628831167.0
274,ERR1018241,472,6575946140.0
275,ERR1018242,297,5974605135.0
276,ERR1018243,181,6256894354.0
277,ERR1018244,421,5934000840.0
278,ERR1018245,317,4931948740.0
279,ERR1018246,395,5154274247.0
280,ERR1018247,320,5567635662.0
281,ERR1018248,236,5725708568.0
282,ERR1018249,340,4743989231.0
283,ERR1018250,398,4605248434.0
284,ERR1018251,399,5228553296.0
285,ERR1018252,373,4284823360.0
286,ERR1018253,392,4421327366.0
287,ERR1018254,421,5532795294.0
288,ERR1018255,281,4087572754.0
289,ERR1018256,548,4378527165.0
290,ERR1018257,5,6031404940.0
291,ERR1018258,342,5452370978.0
292,ERR1018259,310,5286392158.0
293,ERR1018260,341,5913649423.0
294,ERR1018261,489,5122974616.0
295,ERR1018262,13,7565053111.0
296,ERR1018263,374,5461060156.0
297,ERR1018264,347,5409790102.0
298,ERR1018265,298,6142339703.0
299,ERR1018266,453,6072275849.0
300,ERR1018267,427,4783479071.0
301,ERR1018268,544,5705212005.0
302,ERR1018269,2,5953705467.0
303,ERR1018270,402,6214859452.0
304,ERR1018271,228,5067016252.0
305,ERR1018272,355,5847463811.0
306,ERR1018273,473,5841330956.0
307,ERR1018274,442,5963817711.0
308,ERR1018275,42,4208577504.0
309,ERR1018276,359,4325874871.0
310,ERR1018277,563,5963396124.0
311,ERR1018278,445,5988073670.0
312,ERR1018279,239,6159612826.0
313,ERR1018280,28,6291809354.0
314,ERR1018281,283,4805566759.0
315,ERR1018282,274,5300707451.0
316,ERR1018283,298,4788302397.0
317,ERR1018284,329,4853435538.0
318,ERR1018285,435,5802726469.0
319,ERR1018286,524,5228621466.0
320,ERR1018287,414,3565318892.0
321,ERR1018288,38,3719245972.0
322,ERR1018289,237,3387430279.0
323,ERR1018290,391,3694689270.0
324,ERR1018291,350,3696564849.0
325,ERR1018292,342,3525605588.0
326,ERR1018293,163,3514766749.0
327,ERR1018294,341,3836371213.0
328,ERR1018295,275,4080498548.0
329,ERR1018296,257,1077534564.0
330,ERR1018297,5,4645971246.0
331,ERR1018298,330,3592068766.0
332,ERR1018299,66,4977096921.0
333,ERR1018300,349,3861481843.0
334,ERR1018301,620,4339363261.0
335,ERR1018302,328,6454082758.0
336,ERR1018303,517,5593184628.0
337,ERR1018304,36,5796676630.0
338,ERR1018305,535,5738342166.0
339,ERR1018306,459,4855210014.0
340,ERR1018307,246,4993945911.0
341,ERR1018308,389,5690446732.0
342,ERR1018309,439,5584524714.0
343,ERR1018310,566,6469426091.0
344,ERR1018311,343,5787105961.0
345,ERR1018312,324,6222135039.0
346,ERR1293497,284,5793273464.0
347,ERR1293501,126,898880762.0
348,ERR1293505,334,1233226734.0
349,ERR1293509,257,1123112212.0
350,ERR1293513,243,6486653317.0
351,ERR1293517,322,5697551532.0
352,ERR1293521,340,5720982232.0
353,ERR1293525,257,5165640049.0
354,ERR1293529,195,1026472010.0
355,ERR1293533,217,5337802561.0
356,ERR1293537,232,6044911124.0
357,ERR1293541,2477,3371496572.0
358,ERR1293545,283,5623913419.0
359,ERR1293549,216,4567726128.0
360,ERR1293553,285,3665192704.0
361,ERR1293557,19,351027527.0
362,ERR1293561,185,1790114111.0
363,ERR1293565,330,1532954190.0
364,ERR1293569,505,1491143285.0
365,ERR1293573,176,963698923.0
366,ERR1293577,323,4190960110.0
367,ERR1293581,201,5032904033.0
368,ERR1293585,154,4367662855.0
369,ERR1293589,172,3731748843.0
370,ERR1293593,355,5628908369.0
371,ERR1293597,241,5572277177.0
372,ERR1293601,167,3908205455.0
373,ERR1293605,249,1464686495.0
374,ERR1293609,273,7768037598.0
375,ERR1293613,254,1160316795.0
376,ERR1293618,257,5570729597.0
377,ERR1293622,261,4085910732.0
378,ERR1293626,307,1365515587.0
379,ERR1293630,268,1499137509.0
380,ERR1293634,286,5552253678.0
381,ERR1293638,398,1375491504.0
382,ERR1293642,374,1641547104.0
383,ERR1293646,226,1155366479.0
384,ERR1293650,270,6082232011.0
385,ERR1293654,325,8365936200.0
386,ERR1293658,379,1561869605.0
387,ERR1293662,282,1266848657.0
388,ERR1293666,173,5212757345.0
389,ERR1293670,230,1326212300.0
390,ERR1293674,313,4060847857.0
391,ERR1293678,418,3741842627.0
392,ERR1293682,302,1105180113.0
393,ERR1293686,220,1490771039.0
394,ERR1293690,323,1471103581.0
395,ERR1293694,250,1318889229.0
396,ERR1293698,191,6285843246.0
397,ERR1293702,219,5328950598.0
398,ERR1293706,271,1346093763.0
399,ERR1293710,289,5859991267.0
400,ERR1293714,355,4082068611.0
401,ERR1293718,269,1006346084.0
402,ERR1293722,295,1513029414.0
403,ERR1293726,288,7111161104.0
404,ERR1293730,160,908034219.0
405,ERR1293734,259,1301021795.0
406,ERR1293738,328,2014403600.0
407,ERR1293742,270,1461753076.0
408,ERR1293746,294,1447294892.0
409,ERR1293750,361,1638353983.0
410,ERR1293754,311,6032135552.0
411,ERR1293758,213,1121985346.0
412,ERR1293762,287,1246655010.0
413,ERR1293766,261,6279219480.0
414,ERR1293770,338,6317074880.0
415,ERR1293774,192,5498902077.0
416,ERR1293778,194,5863306918.0
417,ERR1293782,261,1325489228.0
418,ERR1293786,304,1371752223.0
419,ERR1293790,296,1037820751.0
420,ERR1293794,388,1569653178.0
421,ERR1293798,229,5395765960.0
422,ERR1293802,304,5837169628.0
423,ERR1293806,289,1741611995.0
424,ERR1293810,399,1636759925.0
425,ERR1293814,301,6225130657.0
426,ERR1293818,327,1653006368.0
427,ERR1293822,203,992725508.0
428,ERR1293826,183,1041130521.0
429,ERR1293832,385,1400466296.0
430,ERR1293834,263,1711019655.0
431,ERR1293838,271,6462018811.0
432,ERR1293842,274,1609694565.0
433,ERR1293846,339,1565425151.0
434,ERR1293852,245,5333346730.0
435,ERR1293854,147,5271237884.0
436,ERR1293858,204,1771145058.0
437,ERR1293862,201,5357791641.0
438,ERR1293866,208,6500263337.0
439,ERR1293870,366,1540291821.0
440,ERR1293875,263,5546605088.0
441,ERR1293878,138,889833091.0
442,ERR1293882,266,1126763255.0
443,ERR1293886,324,6677939705.0
444,ERR1293891,268,6478563154.0
445,ERR1293894,201,2926635760.0
446,ERR1293898,333,801087181.0
447,ERR1293903,284,6632142593.0
448,ERR1293906,299,1312392959.0
449,ERR1293911,340,1481855846.0
450,ERR1293916,262,1330578120.0
451,ERR1293918,250,6062035752.0
452,ERR1293923,311,1474564640.0
453,ERR1293927,89,1053579326.0
454,ERR1293931,282,2166841554.0
455,ERR1293934,260,4852225968.0
456,ERR260132,401,2756179910.0
457,ERR260133,572,2664136590.0
458,ERR260134,426,14947398242.0
459,ERR260135,370,13981314860.0
460,ERR260136,494,2589449312.0
461,ERR260137,528,1942446342.0
462,ERR260138,459,3430913238.0
463,ERR260139,388,2036676514.0
464,ERR260140,497,1935856900.0
465,ERR260141,398,2488603034.0
466,ERR260142,422,2452610674.0
467,ERR260143,507,2849144956.0
468,ERR260144,497,2483902494.0
469,ERR260145,624,2832133728.0
470,ERR260146,454,2805316612.0
471,ERR260147,285,2821768300.0
472,ERR260148,384,2209859194.0
473,ERR260149,374,3081799264.0
474,ERR260150,452,3043333010.0
475,ERR260151,554,2630431274.0
476,ERR260152,621,1813559434.0
477,ERR260153,591,2811341262.0
478,ERR260154,498,2485331038.0
479,ERR260155,504,2575030956.0
480,ERR260156,432,1683913006.0
481,ERR260157,497,2355739554.0
482,ERR260158,271,2106879392.0
483,ERR260159,387,2187599400.0
484,ERR260160,373,2333460974.0
485,ERR260161,594,4332127956.0
486,ERR260162,462,6206585340.0
487,ERR260163,391,3218523570.0
488,ERR260164,487,3528416012.0
489,ERR260165,689,4665993960.0
490,ERR260166,446,4395895316.0
491,ERR260167,429,4349189684.0
492,ERR260168,656,4677011242.0
493,ERR260169,618,1920754976.0
494,ERR260170,386,3060202838.0
495,ERR260171,445,5829033604.0
496,ERR260172,503,5463190394.0
497,ERR260173,402,6016218318.0
498,ERR260174,420,4557287054.0
499,ERR260175,283,3201683234.0
500,ERR260176,626,3742755384.0
501,ERR260177,577,4335598114.0
502,ERR260178,379,5173989216.0
503,ERR260179,338,4220008866.0
504,ERR260181,603,5014212670.0
505,ERR260182,751,4418154706.0
506,ERR260183,587,4621291764.0
507,ERR260184,410,4346089994.0
508,ERR260185,551,4266979118.0
509,ERR260186,556,4022382974.0
510,ERR260187,481,2151950642.0
511,ERR260188,504,4182939644.0
512,ERR260189,519,3682643416.0
513,ERR260190,363,4142624080.0
514,ERR260191,532,4948806686.0
515,ERR260192,585,3860516334.0
516,ERR260193,538,2822317336.0
517,ERR260194,555,4292398798.0
518,ERR260195,469,2739388862.0
519,ERR260196,457,4253796800.0
520,ERR260197,449,4151530058.0
521,ERR260198,534,4760622880.0
522,ERR260199,306,3032782146.0
523,ERR260200,423,3556340694.0
524,ERR260201,504,4322020280.0
525,ERR260202,650,3464254550.0
526,ERR260203,446,2859467358.0
527,ERR260204,508,2669086600.0
528,ERR260205,262,3029874356.0
529,ERR260206,399,2766721482.0
530,ERR260207,428,3170606746.0
531,ERR260208,468,3833173412.0
532,ERR260209,422,2516923030.0
533,ERR260210,404,3514734754.0
534,ERR260211,435,3105065624.0
535,ERR260214,389,3923443172.0
536,ERR260215,388,1545961348.0
537,ERR260216,963,979554560.0
538,ERR260217,447,1699498114.0
539,ERR260218,317,1397757180.0
540,ERR260219,260,1153977722.0
541,ERR260220,393,2557243442.0
542,ERR260222,272,1435723080.0
543,ERR260223,292,1266123274.0
544,ERR260224,468,2765273748.0
545,ERR260225,486,1880622222.0
546,ERR260226,567,2757221826.0
547,ERR260227,420,2215989086.0
548,ERR260228,391,3848483598.0
549,ERR260229,515,2900968460.0
550,ERR260230,496,1996491240.0
551,ERR260232,582,1885347204.0
552,ERR260233,347,2088164698.0
553,ERR260234,332,2482589292.0
554,ERR260235,433,1521783362.0
555,ERR260236,309,2035785088.0
556,ERR260237,450,2745456134.0
557,ERR260238,408,2836099796.0
558,ERR260240,516,2673502926.0
559,ERR260241,383,2339488654.0
560,ERR260242,419,1601761828.0
561,ERR260243,402,2297022396.0
562,ERR260244,533,1939606828.0
563,ERR260245,434,2711037556.0
564,ERR260246,404,2489746758.0
565,ERR260247,380,2351107088.0
566,ERR260248,327,2282760388.0
567,ERR260249,484,1954234860.0
568,ERR260250,302,3307295096.0
569,ERR260251,434,2503143600.0
570,ERR260252,467,2981401426.0
571,ERR260253,400,2480018034.0
572,ERR260254,596,2607637392.0
573,ERR260255,637,1999859186.0
574,ERR260256,531,3014347020.0
575,ERR260257,426,4552459456.0
576,ERR260258,422,2389231154.0
577,ERR260259,568,3929291476.0
578,ERR260260,410,3874689260.0
579,ERR260261,315,4053706508.0
580,ERR260262,479,2995481028.0
581,ERR260263,444,4562815390.0
582,ERR260264,424,4952644484.0
583,ERR260265,229,4448436324.0
584,ERR260266,556,3926410956.0
585,ERR260267,397,4078647852.0
586,ERR260268,2690,797799936.0
587,ERR260269,266,966913152.0
588,ERR260270,207,1061488704.0
589,ERR260271,1403,761805504.0
590,ERR260272,2330,789010752.0
591,ERR260273,2233,820824384.0
592,ERR260274,649,1145858688.0
593,ERR260275,314,1090824000.0
594,ERR260276,390,996047040.0
595,ERR2726404,767,4639213592.0
596,ERR2726405,412,4351849639.0
597,ERR2726406,717,4227123245.0
598,ERR2726407,1349,5908657135.0
599,ERR2726408,1030,3841428856.0
600,ERR2726409,854,4103990976.0
601,ERR2726410,695,3184004938.0
602,ERR2726411,485,7831308075.0
603,ERR2726412,437,7831308075.0
604,ERR2726413,455,7831308075.0
605,ERR2726414,416,7831308075.0
606,ERR2726415,473,7813872056.0
607,ERR2726416,454,7813872056.0
608,ERR2726417,502,7813872056.0
609,ERR2726418,455,7813872056.0
610,ERR2726419,438,5070894772.0
611,ERR2726420,701,3243885354.0
612,ERR2726421,856,4415306489.0
613,ERR2726422,652,4252277902.0
614,ERR2726423,377,9541781198.0
615,ERR2726424,362,9541781198.0
616,ERR2726425,318,9541781198.0
617,ERR2726426,328,9541781198.0
618,ERR2726427,1005,6097470744.0
619,ERR2726429,1074,3969615803.0
620,ERR2726430,978,5102590952.0
621,ERR2726431,892,3958810630.0
622,ERR2726432,1064,4297110124.0
623,ERR2726433,896,4597866250.0
624,ERR2726434,1019,3820804468.0
625,ERR2726435,977,5663096176.0
626,ERR2726436,668,4960369607.0
627,ERR2726437,522,8156827787.0
628,ERR2726438,519,8156827787.0
629,ERR2726439,480,8156827787.0
630,ERR2726440,495,8156827787.0
631,ERR2726441,1077,5191026043.0
632,ERR2726442,1193,5239016935.0
633,ERR2726443,987,3159908625.0
634,ERR2726444,1172,4957102126.0
635,ERR2726445,1328,4897630678.0
636,ERR2726446,647,3151787541.0
637,ERR2726447,923,3913525742.0
638,ERR2726448,571,5173146819.0
639,ERR2726449,818,3540776312.0
640,ERR2726450,1068,4182724716.0
641,ERR2726451,929,5310806480.0
642,ERR2726452,673,6217935229.0
643,ERR2726453,543,8204655954.0
644,ERR2726454,501,8204655954.0
645,ERR2726455,491,8204655954.0
646,ERR2726456,473,8204655954.0
647,ERR2726457,952,3817718694.0
648,ERR2726458,654,4480077249.0
649,ERR2726459,589,3707663709.0
650,ERR2726460,944,2558326096.0
651,ERR2726461,676,4433617601.0
652,ERR2726462,717,3935858548.0
653,ERR2726463,577,9269088380.0
654,ERR2726464,633,9269088380.0
655,ERR2726465,592,9269088380.0
656,ERR2726466,580,9269088380.0
657,ERR2726467,486,8721310850.0
658,ERR2726468,414,8721310850.0
659,ERR2726469,647,8721310850.0
660,ERR2726470,621,8721310850.0
661,ERR2726471,852,5716884869.0
662,ERR2726472,809,3988980619.0
663,ERR2726473,875,3111604953.0
664,ERR2726474,866,3957955624.0
665,ERR2726475,572,3219403664.0
666,ERR2726476,621,9343789168.0
667,ERR2726477,554,9343789168.0
668,ERR2726478,530,9343789168.0
669,ERR2726479,546,9343789168.0
670,ERR2726480,537,7834201797.0
671,ERR2726481,503,7834201797.0
672,ERR2726482,516,7834201797.0
673,ERR2726483,478,7834201797.0
674,ERR2726484,706,3459725269.0
675,ERR2726485,592,3900420267.0
676,ERR2726486,1044,5572421986.0
677,ERR2726487,1299,2494583830.0
678,ERR2726488,799,3179743231.0
679,ERR2726489,548,7622249125.0
680,ERR2726490,501,7622249125.0
681,ERR2726491,563,7622249125.0
682,ERR2726492,534,7622249125.0
683,ERR2726493,587,3805648978.0
684,ERR2726494,443,7178248892.0
685,ERR2726495,416,7178248892.0
686,ERR2726496,390,7178248892.0
687,ERR2726497,387,7178248892.0
688,ERR2726498,964,3521399599.0
689,ERR2726499,1238,5875509377.0
690,ERR2726500,470,2518357317.0
691,ERR2726501,710,2993424790.0
692,ERR2726502,783,4504027361.0
693,ERR2726503,623,2649826307.0
694,ERR2726504,789,1947067979.0
695,ERR2726505,810,3963017409.0
696,ERR2726506,1107,5152729425.0
697,ERR2726507,597,7093908496.0
698,ERR2726508,566,7093908496.0
699,ERR2726509,516,7093908496.0
700,ERR2726510,496,7093908496.0
701,ERR2726511,810,4866288034.0
702,ERR2726512,1106,4623164854.0
703,ERR2726513,281,7585743831.0
704,ERR2726514,262,7585743831.0
705,ERR2726515,266,7585743831.0
706,ERR2726516,260,7585743831.0
707,ERR2726517,968,6512242541.0
708,ERR2726518,1032,4884486871.0
709,ERR2726519,1055,4884486871.0
710,ERR2726520,959,4884486871.0
711,ERR2726521,913,4884486871.0
712,ERR2726522,521,7981205221.0
713,ERR2726523,472,7981205221.0
714,ERR2726524,455,7981205221.0
715,ERR2726525,463,7981205221.0
716,ERR2726526,895,2121016251.0
717,ERR2726527,509,8588614425.0
718,ERR2726528,482,8588614425.0
719,ERR2726529,490,8588614425.0
720,ERR2726530,424,8588614425.0
721,ERR2726532,990,5165380333.0
722,ERR2726533,922,4478703765.0
723,ERR275251,453,3014779704.0
724,ERR688505,94,3649611221.0
725,ERR688506,366,6196998053.0
726,ERR688507,486,5708593447.0
727,ERR688508,336,4741158330.0
728,ERR688509,420,4913627034.0
729,ERR688510,360,4803585209.0
730,ERR688511,417,3858680926.0
731,ERR688512,423,6219475696.0
732,ERR688513,244,4950228947.0
733,ERR688514,332,4454783107.0
734,ERR688515,383,4856209896.0
735,ERR688516,342,4040075229.0
736,ERR688517,312,4835999683.0
737,ERR688519,487,5795884330.0
738,ERR688520,327,4355968999.0
739,ERR688521,472,5025871310.0
740,ERR688522,484,5172204275.0
741,ERR688523,359,4807739197.0
742,ERR688524,283,4098347857.0
743,ERR688525,461,4449164619.0
744,ERR688526,472,5474042812.0
745,ERR688527,300,5538869118.0
746,ERR688528,293,5454210916.0
747,ERR688529,428,5476469636.0
748,ERR688530,442,5355969959.0
749,ERR688531,245,3838469794.0
750,ERR688532,258,4318051431.0
751,ERR688533,398,5060468600.0
752,ERR688534,120,5884167688.0
753,ERR688535,442,5959001442.0
754,ERR688536,296,5583776387.0
755,ERR688537,332,5698703690.0
756,ERR688538,502,6286423012.0
757,ERR688539,367,5544794381.0
758,ERR688540,357,3746702709.0
759,ERR688541,451,5954870508.0
760,ERR688542,453,6291630276.0
761,ERR688543,186,3643571766.0
762,ERR688544,290,4803936579.0
763,ERR688545,362,4634583640.0
764,ERR688546,346,5473925173.0
765,ERR688547,335,4386831217.0
766,ERR688548,398,5529867451.0
767,ERR688549,270,7509949145.0
768,ERR688550,444,4485244293.0
769,ERR688551,359,4423967038.0
770,ERR688552,379,4469690812.0
771,ERR688553,369,5301119382.0
772,ERR688554,276,5103889033.0
773,ERR688555,252,4757719786.0
774,ERR688557,414,4133028671.0
775,ERR688558,328,4561413328.0
776,ERR688559,322,6302536870.0
777,ERR688560,108,5374434608.0
778,ERR688561,166,4975191066.0
779,ERR688562,298,5596599451.0
780,ERR688563,226,4789697432.0
781,ERR688564,424,5672618246.0
782,ERR688565,387,5136546089.0
783,ERR688566,394,3749643349.0
784,ERR688567,282,4340003232.0
785,ERR688568,443,3645684389.0
786,ERR688569,203,5707545180.0
787,ERR688570,434,4175944271.0
788,ERR688571,313,5554843364.0
789,ERR688572,585,6088271346.0
790,ERR688573,323,5196434410.0
791,ERR688574,322,5217458595.0
792,ERR688575,313,5697872810.0
793,ERR688576,336,5628840356.0
794,ERR688577,276,5406847458.0
795,ERR688578,340,5089989422.0
796,ERR688579,240,4631097845.0
797,ERR688580,154,5127516824.0
798,ERR688581,316,5838495526.0
799,ERR688582,264,6235486686.0
800,ERR688583,483,6833951794.0
801,ERR688584,540,4762774319.0
802,ERR688585,388,4511463266.0
803,ERR688586,368,4913171527.0
804,ERR688587,614,5519624064.0
805,ERR688588,501,4164302761.0
806,ERR688589,298,5874874485.0
807,ERR688590,400,3882990247.0
808,ERR688591,335,4075309012.0
809,ERR688592,265,5922966823.0
810,ERR688593,323,4212719129.0
811,ERR688594,302,4114576752.0
812,ERR688595,213,4276565640.0
813,ERR688596,349,5327616448.0
814,ERR688597,358,5549939733.0
815,ERR688598,444,5417863978.0
816,ERR688599,407,5093094520.0
817,ERR688600,284,4194580026.0
818,ERR688601,471,5206281176.0
819,ERR688602,516,4803898057.0
820,ERR688603,486,4755568751.0
821,ERR688604,427,4962566284.0
822,ERR688605,359,3928814334.0
823,ERR688606,285,5413530573.0
824,ERR688607,350,3771008997.0
825,ERR688608,392,4525858474.0
826,ERR688609,350,3021848526.0
827,ERR688610,405,5400290156.0
828,ERR688611,306,5134136688.0
829,ERR688612,357,3858818427.0
830,ERR688613,312,5962542508.0
831,ERR688614,315,4222207210.0
832,ERR688615,344,5256237477.0
833,ERR688616,290,4127521919.0
834,ERR688617,283,3928554559.0
835,ERR688618,361,4799275613.0
836,ERR688619,378,6192238434.0
837,ERR688620,444,5505881633.0
838,ERR688621,498,5645619627.0
839,ERR688622,494,4531612102.0
840,ERR688623,369,5030679267.0
841,ERR688624,422,5823514323.0
842,ERR688625,474,5492879281.0
843,ERR688626,377,5337533441.0
844,ERR688627,266,4673816036.0
845,ERR688628,439,5949189303.0
846,ERR688629,428,4389612480.0
847,ERR688630,307,4745635557.0
848,ERR688631,312,4003779613.0
849,ERR688632,189,5734844379.0
850,ERR688633,432,6057858806.0
851,ERR688634,456,5471439051.0
852,ERR688635,353,4238158668.0
853,ERR688636,552,5330073760.0
854,ERR688637,305,5666299282.0
855,ERR688638,70,6932193747.0
856,ERR688639,312,4878408862.0
857,ERR688640,345,5394534000.0
858,ERR688641,528,5401200091.0
859,ERR688642,321,5997459345.0
860,ERR688643,584,4658201002.0
861,ERR688644,218,4370669263.0
862,ERR688645,436,5990057005.0
863,ERR688646,383,5160814151.0
864,ERR688647,410,5059776250.0
865,ERR688648,125,4409439027.0
866,ERR688649,370,4709508874.0
867,ERR688650,294,6222651115.0
868,ERR688651,383,4032625247.0
869,ERR710424,416,4577460097.0
870,ERR710425,449,3549882460.0
871,ERR710427,426,5187301664.0
872,ERR710428,327,4754848864.0
873,ERR710429,407,3868696049.0
874,ERR710430,491,3348368467.0
875,ERR710431,396,3951224696.0
876,ERR710432,317,4886998833.0
877,ERR866561,86,1587060600.0
878,ERR866562,277,2701331000.0
879,ERR866563,112,1544211000.0
880,ERR866564,204,2635052200.0
881,ERR866565,193,2352879000.0
882,ERR866566,151,3088191400.0
883,ERR866567,80,1726288800.0
884,ERR866568,220,2512870000.0
885,ERR866569,285,2651812200.0
886,ERR866570,113,377345600.0
887,ERR866571,215,3728224600.0
888,ERR866572,522,1734242400.0
889,ERR866573,45,106051000.0
890,ERR866574,246,537764600.0
891,ERR866575,2,18856800.0
892,ERR866576,102,683041800.0
893,ERR866577,96,885106000.0
894,ERR866579,122,234695600.0
895,ERR866580,97,1011500400.0
896,ERR866581,22,147929800.0
897,ERR866582,7,16552400.0
898,ERR866583,246,1045543600.0
899,ERR866584,731,953630400.0
900,ERR866585,750,706155400.0
901,ERR866587,4,56538600.0
902,ERR866588,538,627835600.0
903,ERR866590,155,782443600.0
904,ERR866591,257,611615000.0
905,ERR866592,420,851617200.0
906,ERR866593,604,747622600.0
907,ERR866594,111,173126000.0
908,ERR866595,19,77770600.0
909,ERR866596,95,186376200.0
910,ERR866597,72,633256600.0
911,ERR866598,204,608422200.0
912,ERR866599,82,334232800.0
913,ERR866600,176,553530000.0
914,ERR866601,439,722118000.0
915,ERR866602,13,41951600.0
916,ERR866604,397,558929000.0
917,ERR866605,49,288524200.0
918,ERR866606,43,363347000.0
919,ERR866607,115,322652400.0
920,ERR866608,196,406127200.0
921,ERR866609,242,512284200.0
922,SAMEA1963786,185,5774389982.0
923,SAMEA1964348,79,3485248875.0
924,SAMEA1964895,75,4322932710.0
925,SAMEA1964914,78,3369149157.0
926,SAMEA1965033,41,3618371490.0
927,SAMEA1965112,68,4582341368.0
928,SAMEA1965191,497,8704280261.0
929,SAMEA1965384,33,5271577124.0
930,SAMEA1965767,120,4455685800.0
931,SAMEA1965852,125,2498597031.0
932,SAMEA1965906,128,4187739857.0
933,SAMEA1966253,135,7477842547.0
934,SAMEA1968035,69,3855937672.0
935,SAMEA1968151,73,1210923564.0
936,SAMEA1969296,47,6198782326.0
937,SAMEA1971886,195,3755362115.0
938,SAMEA1972159,68,4793691000.0
939,SAMEA1972440,102,4205661553.0
940,SAMEA1972463,113,3523817631.0
941,SAMEA1973207,110,4763537400.0
942,SAMEA2041923,143,4099971709.0
943,SAMEA2041924,85,3775477360.0
944,SAMEA2041925,117,3866492795.0
945,SAMEA2041926,168,3189903229.0
946,SAMEA2041927,42,4392994984.0
947,SAMEA2041928,79,3596382411.0
948,SAMEA2041930,92,3923766102.0
949,SAMEA2041931,86,8027754392.0
950,SAMEA2041932,96,4124557215.0
951,SAMEA2041933,49,3934376047.0
952,SAMEA2041934,77,3513330846.0
953,SAMEA2041935,111,4219423072.0
954,SAMEA2041936,48,3711775542.0
955,SAMEA2041937,78,3709665483.0
956,SAMEA2041938,106,4004887578.0
957,SAMEA2041939,140,4249553951.0
958,SAMEA2042000,108,3931625089.0
959,SAMEA2042001,37,3684617619.0
960,SAMEA2042002,50,3863964488.0
961,SAMEA2042003,46,3717557355.0
962,SAMEA2042004,73,3831052340.0
963,SAMEA2042005,88,3893629508.0
964,SAMEA2042006,121,3919741672.0
965,SAMEA2042009,118,3763418735.0
966,SAMEA2042010,178,4022417509.0
967,SAMEA2042011,99,4035288451.0
968,SAMEA2042012,56,2041971009.0
969,SAMEA2042013,394,1191646755.0
970,SAMEA2042014,56,2272881135.0
971,SAMEA2042087,22,3678992940.0
972,SAMEA2042088,67,2811106650.0
973,SAMEA2042090,66,3399735120.0
974,SAMEA2042091,71,3653785380.0
975,SAMEA2042092,66,3279648690.0
976,SAMEA2042093,57,3374502600.0
977,SAMEA2042095,113,2804976750.0
978,SAMEA2042096,60,3694199550.0
979,SAMEA2042097,21,3577563150.0
980,SAMEA2042098,35,3152310900.0
981,SAMEA2042099,20,3409432050.0
982,SAMEA2042100,26,3203633550.0
983,SAMEA2042101,61,2338126573.0
984,SAMEA2042102,62,2511721791.0
985,SAMEA2042103,412,8446181122.0
986,SAMEA2042104,132,3864191357.0
987,SAMEA2042105,102,3819364747.0
988,SAMEA2042106,245,5992612252.0
989,SAMEA2042107,392,5646442915.0
990,SAMEA2042108,280,4729928293.0
991,SAMEA2042109,343,5602978064.0
992,SAMEA2042110,80,1966506452.0
993,SAMEA2042111,197,8354096294.0
994,SAMEA2042112,315,5373567524.0
995,SAMEA2042113,216,4952377481.0
996,SAMEA2042114,207,5851862947.0
997,SAMEA2042115,60,3918923879.0
998,SAMEA2042191,80,3318569850.0
999,SAMEA2042192,77,3327706350.0
1000,SAMEA2042193,25,3255474600.0
1001,SAMEA2042194,37,3700256250.0
1002,SAMEA2042195,102,3364640400.0
1003,SAMEA2042196,90,3707204400.0
1004,SAMEA2042197,49,2684557950.0
1005,SAMEA2042198,36,2019686100.0
1006,SAMEA2042199,23,2022570300.0
1007,SAMEA2042200,113,2298981900.0
1008,SAMEA2042201,47,3584220750.0
1009,SAMEA2042202,50,1946598300.0
1010,SAMEA2042203,33,2142943950.0
1011,SAMEA2042204,32,3246061800.0
1012,SAMEA2042205,46,3169381350.0
1013,SAMEA2042206,34,3533101950.0
1014,SAMEA2042215,132,3992938636.0
1015,SAMEA2042217,87,3808368330.0
1016,SAMEA2042219,66,4181771052.0
1017,SAMEA2042220,57,1993654507.0
1018,SAMEA2042222,85,3863212531.0
1019,SAMEA2042225,321,5442956057.0
1020,SAMEA2042226,362,6509598630.0
1021,SAMEA2042281,93,3492304050.0
1022,SAMEA2042282,45,3778624650.0
1023,SAMEA2042285,79,10901069708.0
1024,SAMEA2042287,12,3685113000.0
1025,SAMEA2042288,82,3228504900.0
1026,SAMEA2042289,21,3735938700.0
1027,SAMEA2042290,38,3076077600.0
1028,SAMEA2042292,76,3083246400.0
1029,SAMEA2042293,79,3333300300.0
1030,SAMEA2042294,42,2738421900.0
1031,SAMEA2042295,107,3446813850.0
1032,SAMEA2042296,75,3354583650.0
1033,SAMEA2042297,34,3343047300.0
1034,SAMEA2042298,49,2708468250.0
1035,SAMEA2042299,71,3336258300.0
1036,SAMEA2042300,65,3289801200.0
1037,SAMEA2042301,39,5228371950.0
1038,SAMEA2042302,45,3593524650.0
1039,SAMEA2042303,30,3467615400.0
1040,SAMEA2042304,207,5941773951.0
1041,SAMEA2042360,70,4383459900.0
1042,SAMEA2042362,50,4386955200.0
1043,SAMEA2042363,105,13953809850.0
1044,SAMEA2042365,57,4222174200.0
1045,SAMEA2042367,35,4079361450.0
1046,SAMEA2042372,66,3434593200.0
1047,SAMEA2042373,30,1969058700.0
1048,SAMEA2042376,64,3615740280.0
1049,SAMEA2042377,111,3695709450.0
1050,SAMEA2042378,82,3542143800.0
1051,SAMEA2042379,33,3452174700.0
1052,SAMEA2042380,69,3529770300.0
1053,SAMEA2042381,26,2298177450.0
1054,SAMEA2042382,56,3723730950.0
1055,SAMEA2042383,100,1950900450.0
1056,SAMEA2042384,76,2056121250.0
1057,SAMEA2042385,48,3493807650.0
1058,SAMEA2042386,63,3588761850.0
1059,SAMEA2042387,36,3625673250.0
1060,SAMEA2042388,49,3592663050.0
1061,SAMEA2042389,83,4017078600.0
1062,SAMEA2042391,99,3707425800.0
1063,SAMEA2042392,31,4157294400.0
1064,SAMEA2042393,85,4666725299.0
1065,SAMEA2042394,48,1771664902.0
1066,SAMEA2042395,214,9331812496.0
1067,SAMEA2042396,213,12415937211.0
1068,SAMEA2042397,47,1629211216.0
1069,SAMEA2042398,97,3860534779.0
1070,SAMEA2042399,221,5806849066.0
1071,SAMEA2042400,21,1750757491.0
1072,SAMEA2042401,46,1887900830.0
1073,SAMEA2042402,56,4044314763.0
1074,SAMEA2042403,19,2020553811.0
1075,SAMEA2042404,190,4279187837.0
1076,SAMEA2042405,86,3800632157.0
1077,SAMEA2042406,212,8231796785.0
1078,SAMEA2042407,84,2819242811.0
1079,SAMEA2042408,322,5857028008.0
1080,SAMEA2042425,68,4349815756.0
1081,SAMEA2042426,71,4091085908.0
1082,SAMEA2042427,121,4622255340.0
1083,SAMEA2042428,88,4339805688.0
1084,SAMEA2042429,59,5047719386.0
1085,SAMEA2042430,82,4079217306.0
1086,SAMEA2042431,98,4915916254.0
1087,SAMEA2042433,36,4215657824.0
1088,SAMEA2042434,70,5587557002.0
1089,SAMEA2042435,35,4368897988.0
1090,SAMEA2042436,64,4327814224.0
1091,SAMEA2042437,47,4353463660.0
1092,SAMEA2042438,96,4699381396.0
1093,SAMEA2042439,22,2084004023.0
1094,SAMEA2042440,215,3901138706.0
1095,SAMEA2042441,37,2139884021.0
1096,SAMEA2042442,24,1807848702.0
1097,SAMEA2042443,219,5046921875.0
1098,SAMEA2042444,58,2944073899.0
1099,SAMEA2042445,21,1007897211.0
1100,SAMEA2042446,214,3994482577.0
1101,SAMEA2042447,41,1972684617.0
1102,SAMEA2042448,30,2086198286.0
1103,SAMEA2042449,79,2965798141.0
1104,SAMEA2042450,277,2404015054.0
1105,SAMEA2042451,74,1807668661.0
1106,SAMEA2042452,293,5024449111.0
1107,SAMEA2042453,124,3554456248.0
1108,SAMEA2042488,84,5756951038.0
1109,SAMEA2042489,105,4720053740.0
1110,SAMEA2042490,75,6033376616.0
1111,SAMEA2042491,77,5973376792.0
1112,SAMEA2042492,90,4867944072.0
1113,SAMEA2042493,55,4883101150.0
1114,SAMEA2042495,50,4070853960.0
1115,SAMEA2042496,158,4563543000.0
1116,SAMEA2042497,48,4073745278.0
1117,SAMEA2042498,99,4614283398.0
1118,SAMEA2042499,50,4393570032.0
1119,SAMEA2042500,43,4387541400.0
1120,SAMEA2042501,92,4436649428.0
1121,SAMEA2042502,63,4454603100.0
1122,SAMEA2042503,136,4526990536.0
1123,SAMEA2042504,272,2602861094.0
1124,SAMEA2042505,45,3551707425.0
1125,SAMEA2042506,162,4354365336.0
1126,SAMEA2042507,241,5363777840.0
1127,SAMEA2042508,72,3912351405.0
1128,SAMEA2042509,266,5637661961.0
1129,SAMEA2042510,99,3736313188.0
1130,SAMEA2042511,105,3726216039.0
1131,SAMEA2042512,81,3529318214.0
1132,SAMEA2042513,110,3942569348.0
1133,SAMEA2042515,118,1047749877.0
1134,SAMEA2042516,96,3957950318.0
1135,SAMEA2042517,118,3615991708.0
1136,SAMEA2042518,278,7411080111.0
1137,SAMEA2042519,190,5596429982.0
1138,SAMEA2042520,172,5071063453.0
1139,SAMEA2042553,37,4290550859.0
1140,SAMEA2042554,34,4103713347.0
1141,SAMEA2042555,38,4457238216.0
1142,SAMEA2042556,36,4197745916.0
1143,SAMEA2042557,117,3898053896.0
1144,SAMEA2042558,87,4520172383.0
1145,SAMEA2042559,60,4074919076.0
1146,SAMEA2042560,145,4434771523.0
1147,SAMEA2042561,37,4438501796.0
1148,SAMEA2042562,54,4381112872.0
1149,SAMEA2042563,72,4183487436.0
1150,SAMEA2042564,77,4080434148.0
1151,SAMEA2042566,71,4306031449.0
1152,SAMEA2042567,119,3906729681.0
1153,SAMEA2042568,151,4471456808.0
1154,SAMEA2042569,123,5387347500.0
1155,SAMEA2042570,358,6692307335.0
1156,SAMEA2042571,189,4408076934.0
1157,SAMEA2042572,276,7239399745.0
1158,SAMEA2042573,93,4074833246.0
1159,SAMEA2042574,77,3903467648.0
1160,SAMEA2042575,410,5610437564.0
1161,SAMEA2042576,108,4039441758.0
1162,SAMEA2042577,86,3872400972.0
1163,SAMEA2042578,254,7615502699.0
1164,SAMEA2042579,86,3916203557.0
1165,SAMEA2042580,360,4825562409.0
1166,SAMEA2042581,85,3926082586.0
1167,SAMEA2042582,266,7068233360.0
1168,SAMEA2042584,71,3533464667.0
1169,SAMEA2042585,108,4175817778.0
1170,SAMEA2042602,89,5282027100.0
1171,SAMEA2042603,145,5306989950.0
1172,SAMEA2042604,86,5025944550.0
1173,SAMEA2042605,50,5099835150.0
1174,SAMEA2042606,101,5275371450.0
1175,SAMEA2042607,47,4979323690.0
1176,SAMEA2042608,106,4319472450.0
1177,SAMEA2042609,74,4640340488.0
1178,SAMEA2042611,86,4837155414.0
1179,SAMEA2042612,75,4415181750.0
1180,SAMEA2042613,150,4567390950.0
1181,SAMEA2042615,92,4473517200.0
1182,SAMEA2042616,69,4459980150.0
1183,SAMEA2042617,112,4476671250.0
1184,SAMEA2042618,103,4035652103.0
1185,SAMEA2042619,123,5007032684.0
1186,SAMEA2042620,183,4143102905.0
1187,SAMEA2042621,178,4418815247.0
1188,SAMEA2042622,68,3373980402.0
1189,SAMEA2042623,237,8413074578.0
1190,SAMEA2042624,272,5585240609.0
1191,SAMEA2042625,285,3846746485.0
1192,SAMEA2042626,315,4057783828.0
1193,SAMEA2042627,216,3909214978.0
1194,SAMEA2042628,193,5997950321.0
1195,SAMEA2042629,524,8760911603.0
1196,SAMEA2042630,423,9572350913.0
1197,SAMEA2042632,294,8687917101.0
1198,SAMEA2042643,61,4382229300.0
1199,SAMEA2042644,108,4412746800.0
1200,SAMEA2042645,94,4229665950.0
1201,SAMEA2042646,122,5141046450.0
1202,SAMEA2042647,74,4539736460.0
1203,SAMEA2042648,75,4668935280.0
1204,SAMEA2042649,85,4669551404.0
1205,SAMEA2042651,87,4333368072.0
1206,SAMEA2042653,85,4374237828.0
1207,SAMEA2042654,60,4611832936.0
1208,SAMEA2042655,95,5225223056.0
1209,SAMEA2042656,129,4963597050.0
1210,SAMEA2042657,91,5016545700.0
1211,SAMEA2042658,64,4922007900.0
1212,SAMEA2042661,250,4995659771.0
1213,SAMEA2042662,59,2554650528.0
1214,SAMEA2042663,82,2229256892.0
1215,SAMEA2042664,27,2470322954.0
1216,SAMEA2042665,25,2284875215.0
1217,SAMEA2042729,124,4899835350.0
1218,SAMEA2042730,58,4036431380.0
1219,SAMEA2042731,97,4816284900.0
1220,SAMEA2042732,132,4976820750.0
1221,SAMEA2042733,84,4474360950.0
1222,SAMEA2042734,90,5236730100.0
1223,SAMEA2042736,73,5577902100.0
1224,SAMEA2042737,120,5720205292.0
1225,SAMEA2042738,105,5051772511.0
1226,SAMEA2042739,125,5535603300.0
1227,SAMEA2042740,118,5579152800.0
1228,SAMEA2042741,60,1836643480.0
1229,SAMEA2042742,64,4288230740.0
1230,SAMEA2042743,52,1540301907.0
1231,SAMEA2042744,98,4684248134.0
1232,SAMEA2042745,137,1491685958.0
1233,SAMEA2042828,135,4577106161.0
1234,SAMEA2042829,42,1544154220.0
1235,SAMEA2042830,94,4109597523.0
1236,SAMEA2042831,6,823579166.0
1237,SAMEA2042832,58,4277347347.0
1238,SAMEA2042833,37,1544964896.0
1239,SAMEA2042834,149,4539702113.0
1240,SAMEA2042835,77,1640715288.0
1241,SAMEA2042836,117,3756136562.0
1242,SAMEA2042837,63,1754730821.0
1243,SAMEA2042838,81,3929142695.0
1244,SAMEA2042839,56,1694085464.0
1245,SAMEA2042840,107,3841424921.0
1246,SAMEA2042842,19,1685966621.0
1247,SAMEA2042911,75,3968060761.0
1248,SAMEA2042912,47,726098874.0
1249,SAMEA2042913,53,3695265034.0
1250,SAMEA2042914,26,1731900892.0
1251,SAMEA2042915,53,1499810123.0
1252,SAMEA2042916,109,4288188840.0
1253,SAMEA2042917,93,1985316241.0
1254,SAMEA2042918,78,3681061892.0
1255,SAMEA2042920,59,4262268789.0
1256,SAMEA2042922,33,3738924027.0
1257,SAMEA2042923,45,3668551643.0
1258,SAMEA2042924,107,3880716074.0
1259,SAMEA2042980,71,3818617604.0
1260,SAMEA2042981,85,3944384055.0
1261,SAMEA2042982,66,4298853846.0
1262,SAMEA2042983,83,4211826756.0
1263,SAMEA2042984,93,4265213362.0
1264,SAMEA2042985,102,3992228807.0
1265,SAMEA2042986,105,4185059730.0
1266,SAMEA2042987,91,4153386624.0
1267,SAMEA2042988,82,4313082780.0
1268,SAMEA2042990,96,3990935683.0
1269,SAMEA2042991,69,4085309064.0
1270,SAMEA2042992,166,4079037106.0
1271,SAMEA2042993,100,4453610809.0
1272,SAMEA2042994,102,3847223767.0
1273,SAMEA2042995,94,4265416879.0
1274,SAMEA2043040,27,1510003495.0
1275,SAMEA2043041,78,4477103400.0
1276,SAMEA2043042,86,3763696990.0
1277,SAMEA2043043,45,4071748885.0
1278,SAMEA2043044,78,3967083282.0
1279,SAMEA2043045,67,1988578656.0
1280,SAMEA2043046,183,3577360203.0
1281,SAMEA2043048,96,3969077036.0
1282,SAMEA2043049,66,3620735438.0
1283,SAMEA2043050,116,3979510017.0
1284,SAMEA2043051,75,3596591035.0
1285,SAMEA2043052,56,4289371898.0
1286,SRR18490938,1198,6726148200.0
1287,SRR18490939,1839,8870760000.0
1288,SRR18490950,1344,8631144900.0
1289,SRR18490955,1390,7195627800.0
1290,SRR18490956,1237,7525427700.0
1291,SRR18490967,1299,9028000200.0
1292,SRR18490978,935,9099210000.0
1293,SRR18490981,1423,8038408800.0
1294,SRR18490982,1122,6103214100.0
1295,SRR18490983,685,5298266100.0
1296,SRR18490984,1438,8731529700.0
1297,SRR18490985,1109,9538702500.0
1298,SRR18490986,1305,8927160600.0
1299,SRR18490987,1413,9337807200.0
1300,SRR18490988,1488,8857857900.0
1301,SRR18490989,1137,7551681600.0
1302,SRR18490990,1210,9192198000.0
1303,SRR18490991,1396,8762326800.0
1304,SRR18490992,1477,8273067000.0
1305,SRR18490993,1227,10606631700.0
1306,SRR18490994,1340,10155814500.0
1307,SRR18490995,1406,10487758800.0
1308,SRR18490996,1618,11526258900.0
1309,SRR18490997,1388,7801064700.0
1310,SRR18490998,1037,8941588200.0
1311,SRR18490999,1134,9909809100.0
1312,SRR18491000,1139,8848251300.0
1313,SRR18491001,1332,8097492900.0
1314,SRR18491002,1494,8623453500.0
1315,SRR18491003,1496,9744506700.0
1316,SRR18491004,1421,8253771300.0
1317,SRR18491005,1380,7824517500.0
1318,SRR18491006,1140,8767067100.0
1319,SRR18491007,938,10299612300.0
1320,SRR18491008,1415,8095293600.0
1321,SRR18491017,1277,8514621300.0
1322,SRR18491028,1524,8727323400.0
1323,SRR18491037,1476,16059257100.0
1324,SRR18491038,1671,8165061600.0
1325,SRR18491039,1438,10866448800.0
1326,SRR18491040,1447,12750021900.0
1327,SRR18491041,1543,8465287500.0
1328,SRR18491042,1499,9435561900.0
1329,SRR18491043,1492,9247501200.0
1330,SRR18491044,1224,10093427400.0
1331,SRR18491045,1662,8837212200.0
1332,SRR18491046,1611,7981222800.0
1333,SRR18491047,1562,8021359200.0
1334,SRR18491048,1586,10282252500.0
1335,SRR18491049,1357,8559849300.0
1336,SRR18491050,1386,8803674300.0
1337,SRR18491051,1232,8474283600.0
1338,SRR18491052,1469,7683063600.0
1339,SRR18491053,1318,7528815900.0
1340,SRR18491054,1448,6969615900.0
1341,SRR18491055,1133,7909919100.0
1342,SRR18491056,1590,8766490800.0
1343,SRR18491057,1311,11924105700.0
1344,SRR18491058,1666,7115263500.0
1345,SRR18491059,1175,5646297900.0
1346,SRR18491060,1277,7681872600.0
1347,SRR18491061,891,6599826900.0
1348,SRR18491062,946,8046297300.0
1349,SRR18491063,733,5120145000.0
1350,SRR18491064,797,6603650400.0
1351,SRR18491067,1363,8022293700.0
1352,SRR18491078,1238,9314289600.0
1353,SRR18491089,1500,9391840800.0
1354,SRR18491093,1035,6199420500.0
1355,SRR18491094,667,7459641000.0
1356,SRR18491095,974,5695616100.0
1357,SRR18491096,821,6156408300.0
1358,SRR18491097,829,5199032400.0
1359,SRR18491098,989,7978683900.0
1360,SRR18491099,1844,8505120900.0
1361,SRR18491100,1501,9336428400.0
1362,SRR18491101,1360,7473727200.0
1363,SRR18491102,1710,8677399200.0
1364,SRR18491103,1825,10223715000.0
1365,SRR18491104,1785,8541638400.0
1366,SRR18491105,1669,8261192700.0
1367,SRR18491106,1378,7398552300.0
1368,SRR18491107,1671,9051172200.0
1369,SRR18491108,1823,8720215200.0
1370,SRR18491109,1374,7274505000.0
1371,SRR18491110,1037,7770765900.0
1372,SRR18491111,2128,8620627200.0
1373,SRR18491112,1819,10366181100.0
1374,SRR18491113,2027,8773722600.0
1375,SRR18491114,1693,8327886000.0
1376,SRR18491115,1860,8757838800.0
1377,SRR18491116,1872,8569102500.0
1378,SRR18491117,1654,5851210800.0
1379,SRR18491118,1519,6676904400.0
1380,SRR18491119,2047,8055789900.0
1381,SRR18491120,1920,11100744300.0
1382,SRR18491121,1210,9153157800.0
1383,SRR18491122,1404,6541639200.0
1384,SRR18491123,1220,7266169800.0
1385,SRR18491124,1154,8264870100.0
1386,SRR18491125,1582,8265855000.0
1387,SRR18491136,1358,10895169300.0
1388,SRR18491147,825,5987959500.0
1389,SRR18491157,1455,8792433300.0
1390,SRR18491168,1414,7575400200.0
1391,SRR18491177,1408,7759611600.0
1392,SRR18491178,1458,7120306200.0
1393,SRR18491179,1346,11663687100.0
1394,SRR18491187,1534,8839439400.0
1395,SRR18491198,1505,7539471300.0
1396,SRR18491209,1406,8867529000.0
1397,SRR18491210,1450,6832685700.0
1398,SRR18491211,729,8802801300.0
1399,SRR18491212,990,9499197600.0
1400,SRR18491213,1104,10236524100.0
1401,SRR18491214,1277,10673915400.0
1402,SRR18491215,1021,6792975300.0
1403,SRR18491216,744,7205506800.0
1404,SRR18491217,1040,6117885300.0
1405,SRR18491218,856,6031371900.0
1406,SRR18491219,954,5903750400.0
1407,SRR18491220,1066,5500246200.0
1408,SRR18491221,1668,9377363100.0
1409,SRR18491222,1450,8844604500.0
1410,SRR18491223,1388,9812939400.0
1411,SRR18491224,1480,9149391300.0
1412,SRR18491225,1588,7675456200.0
1413,SRR18491226,1769,9862990800.0
1414,SRR18491227,1393,7953073200.0
1415,SRR18491228,1534,7551194700.0
1416,SRR18491229,1401,6545704800.0
1417,SRR18491230,1574,11054584200.0
1418,SRR18491231,1674,10977230700.0
1419,SRR18491232,995,8285173500.0
1420,SRR18491233,1449,8483598300.0
1421,SRR18491234,1297,8612364900.0
1422,SRR18491235,614,6146931900.0
1423,SRR18491236,1250,7378790400.0
1424,SRR18491238,1202,5580828300.0
1425,SRR18491239,1011,8302018800.0
1426,SRR18491240,1263,9456171300.0
1427,SRR18491241,1801,11421858300.0
1428,SRR18491242,1381,8335587900.0
1429,SRR18491243,1562,9145809000.0
1430,SRR18491244,1462,9595740300.0
1431,SRR18491245,820,6032509200.0
1432,SRR18491246,1616,8384952600.0
1433,SRR18491247,1392,7459301700.0
1434,SRR18491248,1231,9340148700.0
1435,SRR18491249,1039,7517696100.0
1436,SRR18491250,1529,8042145900.0
1437,SRR18491251,1354,7313059200.0
1438,SRR18491252,1488,8356858800.0
1439,SRR18491253,1537,7712718000.0
1440,SRR18491254,1232,7355697600.0
1441,SRR18491255,1407,8908203900.0
1442,SRR18491256,920,8441606700.0
1443,SRR18491257,1572,8596305000.0
1444,SRR18491258,1077,9132775800.0
1445,SRR18491259,1426,8034171900.0
1446,SRR18491260,1129,8217389700.0
1447,SRR18491261,1457,7972329300.0
1448,SRR18491262,1530,8176482000.0
1449,SRR18491263,1288,8508167400.0
1450,SRR18491264,1077,8024105700.0
1451,SRR18491265,1073,9519131400.0
1452,SRR18491266,1355,7871826600.0
1453,SRR18491267,994,5650769400.0
1454,SRR18491268,1072,7751700300.0
1455,SRR18491269,1350,8925564300.0
1456,SRR18491270,1347,9179500500.0
1457,SRR18491271,1310,9730382700.0
1458,SRR18491272,1509,7022451600.0
1459,SRR18491273,879,10461561000.0
1460,SRR18491274,1564,9917207400.0
1461,SRR18491275,1269,8380405800.0
1462,SRR18491276,1650,11080005000.0
1463,SRR18491277,1232,9065087700.0
1464,SRR18491278,1608,9896538900.0
1465,SRR18491279,1321,5879482200.0
1466,SRR18491280,563,10919352300.0
1467,SRR18491281,1472,8881612500.0
1468,SRR18491282,1310,9656284500.0
1469,SRR18491283,1094,12348870600.0
1470,SRR18491284,1395,7722146400.0
1471,SRR18491285,770,7954078500.0
1472,SRR18491286,1415,8990374500.0
1473,SRR18491287,1434,8016727500.0
1474,SRR18491288,1271,7686620100.0
1475,SRR18491289,1500,8500802700.0
1476,SRR18491290,1414,8150928000.0
1477,SRR18491291,1335,10121566500.0
1478,SRR18491292,1675,10990346400.0
1479,SRR18491293,1234,9400237500.0
1480,SRR18491294,1505,7673891100.0
1481,SRR18491295,1477,6953018400.0
1482,SRR18491296,1541,7335456600.0
1483,SRR18491306,1166,7634998500.0
1484,SRR18491317,1589,7583808300.0
1485,SRR18491328,1248,9014892000.0
1486,SRR341581,109,2459031396.0
1487,SRR341582,94,1513093392.0
1488,SRR341583,160,1995342512.0
1489,SRR341584,119,2166390996.0
1490,SRR341585,133,2413421200.0
1491,SRR341586,115,2096834104.0
1492,SRR341587,107,2362706484.0
1493,SRR341588,98,2179838868.0
1494,SRR341589,160,2049037948.0
1495,SRR341590,177,2163200412.0
1496,SRR341591,75,2280086372.0
1497,SRR341592,74,2169471912.0
1498,SRR341593,221,2081642348.0
1499,SRR341594,144,2238464776.0
1500,SRR341595,124,1732786664.0
1501,SRR341596,77,2431861852.0
1502,SRR341597,86,2496459412.0
1503,SRR341598,123,2187578528.0
1504,SRR341599,79,1898872856.0
1505,SRR341600,61,2635900424.0
1506,SRR341601,121,2026761580.0
1507,SRR341602,82,1871540068.0
1508,SRR341603,147,1847366044.0
1509,SRR341604,77,2234578296.0
1510,SRR341605,94,2167921316.0
1511,SRR341606,120,2082687672.0
1512,SRR341607,85,2422844064.0
1513,SRR341608,107,2120461564.0
1514,SRR341609,85,1906656028.0
1515,SRR341610,78,2470649988.0
1516,SRR341611,97,1479848596.0
1517,SRR341612,175,2571768472.0
1518,SRR341615,114,2076472264.0
1519,SRR341616,121,2187535460.0
1520,SRR341617,117,1895895984.0
1521,SRR341618,100,2403078220.0
1522,SRR341619,137,1956107564.0
1523,SRR341620,70,2338208636.0
1524,SRR341621,105,2069892776.0
1525,SRR341622,85,2164415492.0
1526,SRR341623,151,2209063836.0
1527,SRR341624,123,2339234128.0
1528,SRR341625,145,1878382996.0
1529,SRR341626,84,1967669768.0
1530,SRR341627,109,2088268900.0
1531,SRR341628,190,2211771496.0
1532,SRR341629,200,2172991500.0
1533,SRR341630,149,2098661164.0
1534,SRR341631,174,2190380100.0
1535,SRR341632,117,4575442650.0
1536,SRR341633,76,4587264600.0
1537,SRR341634,117,2332219668.0
1538,SRR341635,123,1816107704.0
1539,SRR341636,89,2337110032.0
1540,SRR341637,79,1807631744.0
1541,SRR341638,73,1921295744.0
1542,SRR341639,124,2459875440.0
1543,SRR341640,99,2426374456.0
1544,SRR341641,92,1999498352.0
1545,SRR341642,98,2182402524.0
1546,SRR341643,111,3016765800.0
1547,SRR341645,98,2242236704.0
1548,SRR341646,130,2928957000.0
1549,SRR341647,112,2166897008.0
1550,SRR341648,120,2183230140.0
1551,SRR341651,135,2123764628.0
1552,SRR341652,74,2597402664.0
1553,SRR341653,94,2537858268.0
1554,SRR341654,177,2116355940.0
1555,SRR341655,209,2970907380.0
1556,SRR341656,266,2266632900.0
1557,SRR341657,272,2776202100.0
1558,SRR341658,225,2852560440.0
1559,SRR341659,200,2999184300.0
1560,SRR341660,194,2320137360.0
1561,SRR341661,178,3058217280.0
1562,SRR341662,184,2737274400.0
1563,SRR341663,215,3100165380.0
1564,SRR341664,212,3004434900.0
1565,SRR341665,279,2836386900.0
1566,SRR341666,301,2566836900.0
1567,SRR341667,265,2620328220.0
1568,SRR341668,292,2872667880.0
1569,SRR341669,243,2570393520.0
1570,SRR341670,290,4171543920.0
1571,SRR341671,235,2992962960.0
1572,SRR341672,179,3073745700.0
1573,SRR341673,351,3189433860.0
1574,SRR341674,216,2911257000.0
1575,SRR341675,253,3039303240.0
1576,SRR341676,265,2987446680.0
1577,SRR341677,195,3318417360.0
1578,SRR341678,318,2618969940.0
1579,SRR341679,385,2613707460.0
1580,SRR341680,240,2861351820.0
1581,SRR341681,237,2564052840.0
1582,SRR341682,314,3472323300.0
1583,SRR341684,307,2573328060.0
1584,SRR341685,255,2968412580.0
1585,SRR341686,212,2844445680.0
1586,SRR341690,220,2992645260.0
1587,SRR341691,357,2694828960.0
1588,SRR341692,263,2767763160.0
1589,SRR341693,178,3034877040.0
1590,SRR341694,258,3411971640.0
1591,SRR341695,369,3331433340.0
1592,SRR341696,458,3442747860.0
1593,SRR341697,255,2883073860.0
1594,SRR341698,307,3106442880.0
1595,SRR341699,206,3261211200.0
1596,SRR341700,319,2632289400.0
1597,SRR341701,204,2857295340.0
1598,SRR341702,358,3142116900.0
1599,SRR341703,243,3186418140.0
1600,SRR341704,285,3111262020.0
1601,SRR341705,268,3074145840.0
1602,SRR341706,355,2887323840.0
1603,SRR341707,418,3403347660.0
1604,SRR341708,329,3161804400.0
1605,SRR341709,237,3067903440.0
1606,SRR341710,315,2975308200.0
1607,SRR341711,273,2834001180.0
1608,SRR341712,247,2658622680.0
1609,SRR341715,414,2924568900.0
1610,SRR341716,200,2952677520.0
1611,SRR341717,176,2891285280.0
1612,SRR341718,247,2157301980.0
1613,SRR341719,246,2140182360.0
1614,SRR341720,335,3178763460.0
1615,SRR341721,291,2097111780.0
1616,SRR341722,265,3260425680.0
1617,SRR341723,257,2134350900.0
1618,SRR341724,225,3035060820.0
1619,SRR341725,371,2293121520.0
1620,SRR5298196,315,4933079016.0
1621,SRR5298197,880,5611572353.0
1622,SRR5298198,1078,5725190622.0
1623,SRR5298199,780,6438079472.0
1624,SRR5298200,184,5756219308.0
1625,SRR5298201,150,5575021461.0
1626,SRR5298202,367,4311069513.0
1627,SRR5298203,259,3747181938.0
1628,SRR5298204,216,3657472473.0
1629,SRR5298205,248,5876072482.0
1630,SRR5298206,219,4473675942.0
1631,SRR5298207,144,5631956100.0
1632,SRR5298208,425,4680434902.0
1633,SRR5298209,244,3015858762.0
1634,SRR5298210,371,5377365390.0
1635,SRR5298211,285,4715245286.0
1636,SRR5298212,183,4318195545.0
1637,SRR5298213,210,5254059061.0
1638,SRR5298214,782,4144445651.0
1639,SRR5298215,769,4102894469.0
1640,SRR5298216,587,4975133762.0
1641,SRR5298217,639,4163853188.0
1642,SRR5298218,1258,5385471227.0
1643,SRR5298219,448,3913176277.0
1644,SRR5298220,518,4944963602.0
1645,SRR5298221,885,4111472080.0
1646,SRR5298222,865,4454039399.0
1647,SRR5650021,341,3320167296.0
1648,SRR5650022,1249,2888819400.0
1649,SRR5650023,1959,3553994671.0
1650,SRR5650024,725,4050562825.0
1651,SRR5650025,823,3920680427.0
1652,SRR5650026,321,1192711557.0
1653,SRR5650042,463,1767666154.0
1654,SRR5650043,501,1713037850.0
1655,SRR5650044,474,1575874446.0
1656,SRR5650045,476,3290590181.0
1657,SRR5650046,9,18033621.0
1658,SRR5650047,302,3174060286.0
1659,SRR5650048,5419,3702701360.0
1660,SRR5650049,313,1262264357.0
1661,SRR5650050,543,3067611992.0
1662,SRR5650051,1044,1401159829.0
1663,SRR5650052,743,3617478981.0
1664,SRR5650053,559,2800474331.0
1665,SRR5650054,10018,4863527867.0
1666,SRR5650055,490,1937406386.0
1667,SRR5650056,349,2019568569.0
1668,SRR5650057,467,3404915902.0
1669,SRR5650058,619,3855711151.0
1670,SRR5650059,466,3685738087.0
1671,SRR5650060,477,1718106431.0
1672,SRR5650061,451,9515267834.0
1673,SRR5650062,379,10382211900.0
1674,SRR5650063,591,11645652799.0
1675,SRR5650064,393,2031037059.0
1676,SRR5650152,498,3791369164.0
1677,SRR5650153,730,1645915738.0
1678,SRR5650154,349,1188110129.0
1679,SRR5650155,9223,1875136628.0
1680,SRR5650156,3162,5268025188.0
1681,SRR5650157,471,3136288098.0
1682,SRR5650161,751,10245954651.0
1683,SRR5650162,708,11182617559.0
1684,SRR5650163,674,12571566480.0
1685,SRR5650164,602,3780120901.0
1686,SRR5650165,327,2967311886.0
1687,SRR5650166,527,656332568.0
1688,SRR5650167,2922,972579996.0
1689,SRR5650168,2412,3348438058.0
1690,SRR5650170,886,5153786892.0
1691,SRR5650171,8306,5481880214.0
1692,SRR5650172,4865,4362226782.0
1693,SRR5650173,814,4940395214.0
1694,SRR5650174,383,5976908899.0
1695,SRR5650175,499,4957603042.0
1696,SRR5650176,6670,1018666815.0
1697,SRR5650177,142,901693237.0
1698,SRR5650178,606,10110344335.0
1699,SRR5650179,433,10454588457.0
1700,SRR5650180,698,12377707589.0
1701,SRR5650181,357,3420501735.0
1702,SRR5650182,326,6186340887.0
1703,SRR5650183,1024,2981382092.0
1704,SRR5650184,576,3800705889.0
1705,SRR5651391,2046,647139014.0
1706,SRR5651392,201,112812111.0
1707,SRR5651393,178,1203906363.0
1708,SRR5651394,397,829324141.0
1709,SRR5651395,188,1295022367.0
1710,SRR5651396,207,862893635.0
1711,SRR5651397,117,728956828.0
1712,SRR5651398,287,1154090908.0
1713,SRR5651400,120,221173810.0
1714,SRR5651401,309,1579006310.0
1715,SRR5651402,449,1528997316.0
1716,SRR5651403,977,424219013.0
1717,SRR5651404,340,869046253.0
1718,SRR5651405,272,878228414.0
1719,SRR5651406,61,122303649.0
1720,SRR5651407,562,400560238.0
1721,SRR5651408,150,1059916944.0
1722,SRR5651409,271,1468219836.0
1723,SRR5651410,2667,5378730700.0
1724,SRR5651411,177,982731964.0
1725,SRR5651412,274,2471405095.0
1726,SRR5651413,321,2478608995.0
1727,SRR5651414,139,328822398.0
1728,SRR5651415,168,991177759.0
1729,SRR5651416,294,1431092263.0
1730,SRR5651417,274,3385424670.0
1731,SRR5651418,3255,3250099270.0
1732,SRR5651419,283,1039970096.0
1733,SRR5651420,405,2443393696.0
1734,SRR5651421,3478,2564668531.0
1735,SRR5651422,406,3588516009.0
1736,SRR5651423,1309,3338815499.0
1737,SRR5651424,315,3581287287.0
1738,SRR5651425,408,2643156346.0
1739,SRR5651426,3696,833359162.0
1740,SRR5651427,333,3043746444.0
1741,SRR5651428,414,1579018344.0
1742,SRR5651429,290,3119706989.0
1743,SRR5651430,400,2635439825.0
1744,SRR5651431,385,1570590744.0
1745,SRR5651432,6520,1388781535.0
1746,SRR5651433,2418,1929987702.0
1747,SRR5651434,942,1088047950.0
1748,SRR5651435,316,2756183703.0
1749,SRR5651436,1583,573921965.0
1750,SRR5651437,365,1377860997.0
1751,SRR5651438,525,3576255106.0
1752,SRR5651439,1500,2589859584.0
1753,SRR5651440,278,2085323458.0
1754,SRR5651441,267,3755564194.0
1755,SRR5651442,419,1728614996.0
1756,SRR5651443,430,1812513446.0
1757,SRR5651444,362,3689461566.0
1758,SRR5651445,166,2163084548.0
1759,SRR5651446,269,2192845566.0
1760,SRR5651447,239,4830684685.0
1761,SRR5651448,2633,2837832533.0
1762,SRR5651449,270,2256435809.0
1763,SRR5651450,431,1373734456.0
1764,SRR5651451,317,2934300706.0
1765,SRR5651452,86,127791821.0
1766,SRR5651453,7052,2962809737.0
1767,SRR5651455,4440,4258378697.0
1768,SRR5651456,330,2483184378.0
1769,SRR5651457,2215,1575841078.0
1770,SRR5651458,251,3191985731.0
1771,SRR5651459,336,1277445271.0
1772,SRR5651460,9,22094593.0
1773,SRR5651461,6850,3788227997.0
1774,SRR5651462,468,3869584514.0
1775,SRR5651463,1433,2886140786.0
1776,SRR5651464,245,955334283.0
1777,SRR5651465,270,2471538532.0
1778,SRR5651466,891,2945332394.0
1779,SRR5651467,4814,3348547001.0
1780,SRR5651468,280,3982927506.0
1781,SRR5651469,348,3574561472.0
1782,SRR5651470,380,4529145321.0
1783,SRR5651471,249,3136203607.0
1784,SRR5651472,1465,3090591843.0
1785,SRR5651473,185,356887418.0
1786,SRR5651474,3731,2018606010.0
1787,SRR5651475,116,3694744912.0
1788,SRR5651476,378,1835371478.0
1789,SRR5651478,6972,823698988.0
1790,SRR5651479,295,52424690.0
1791,SRR5651480,819,1808844628.0
1792,SRR5651481,514,1242356204.0
1793,SRR5651482,356,2959858511.0
1794,SRR6451254,1185,5108347500.0
1795,SRR6451255,1520,5553688500.0
1796,SRR6451256,1236,7303893900.0
1797,SRR6451257,1132,5095053300.0
1798,SRR6451258,459,6097653000.0
1799,SRR6451259,1144,4492124100.0
1800,SRR6451260,945,5543611800.0
1801,SRR6451261,791,4947815400.0
1802,SRR6451262,958,5116312200.0
1803,SRR6451662,1093,5575700100.0
1804,SRR6451663,1406,5675220000.0
1805,SRR6451665,1116,6067572900.0
1806,SRR6451666,1438,5312971500.0
1807,SRR6451667,690,6346558800.0
1808,SRR6451668,960,5925320400.0
1809,SRR6451669,698,5637801600.0
1810,SRR6451670,1217,6334929300.0
1811,SRR6451671,1270,6413659500.0
1812,SRR6451672,578,4991274300.0
1813,SRR6451673,1263,5391375600.0
1814,SRR6451674,1344,5664608100.0
1815,SRR6451675,667,5591977200.0
1816,SRR6451676,511,4844585700.0
1817,SRR6451677,750,4675761000.0
1818,SRR6451678,569,5536133100.0
1819,SRR6451679,529,5221452300.0
1820,SRR6451680,424,4468259100.0
1821,SRR6451681,1046,5075984100.0
1822,SRR6451682,1077,5994086700.0
1823,SRR6451683,1027,5782718700.0
1824,SRR6451684,973,6158988900.0
1825,SRR6451685,896,6060532200.0
1826,SRR6451686,784,5681482200.0
1827,SRR6451687,808,6725452200.0
1828,SRR6451688,1084,6663794400.0
1829,SRR6451689,656,4544724300.0
1830,SRR6451690,721,6163803000.0
1831,SRR6451691,1372,7113486300.0
1832,SRR6451692,1183,6314430900.0
1833,SRR6456128,854,5504536200.0
1834,SRR6456129,981,5840232300.0
1835,SRR6456130,740,4778163600.0
1836,SRR6456131,991,5500262400.0
1837,SRR6456132,593,5254809900.0
1838,SRR6456133,932,6523509000.0
1839,SRR6456134,885,5759520600.0
1840,SRR6456135,600,6194281200.0
1841,SRR6456136,1152,6400563000.0
1842,SRR6456137,1128,4648677300.0
1843,SRR6456138,630,5848707600.0
1844,SRR6456139,323,6049783500.0
1845,SRR6456140,1096,5447379300.0
1846,SRR6456141,694,5333954400.0
1847,SRR6456142,972,6809021700.0
1848,SRR6456143,885,6098687700.0
1849,SRR6456144,1187,5957241600.0
1850,SRR6456145,1234,6310674300.0
1851,SRR6456146,1018,6046984200.0
1852,SRR6456147,671,5355634200.0
1853,SRR6456148,1040,5322073200.0
1854,SRR6456149,975,4564995900.0
1855,SRR6456150,805,4267008900.0
1856,SRR6456151,664,5628539700.0
1857,SRR6456152,701,5076768600.0
1858,SRR6456153,851,5272012200.0
1859,SRR6456154,986,6150231000.0
1860,SRR6456155,614,6022215900.0
1861,SRR6456156,979,6429305100.0
1862,SRR6456157,1198,7374154200.0
1863,SRR6456158,845,6138809400.0
1864,SRR6456159,1329,5437633800.0
1865,SRR6456160,1284,6586432200.0
1866,SRR6456161,1075,6890212200.0
1867,SRR6456162,1055,4856679300.0
1868,SRR6456163,1067,6975097800.0
1869,SRR6456164,808,6086335200.0
1870,SRR6456165,799,6432906900.0
1871,SRR6456166,689,6632080500.0
1872,SRR6456167,1482,6328050900.0
1873,SRR6456168,1425,7010818800.0
1874,SRR6456169,580,6494923800.0
1875,SRR6456170,955,6267439500.0
1876,SRR6456171,1140,5643493200.0
1877,SRR6456172,956,5965015200.0
1878,SRR6456173,1528,7023063600.0
1879,SRR6456174,1487,6779810400.0
1880,SRR6456175,680,5876703000.0
1881,SRR6456176,1353,5706970800.0
1882,SRR6456177,776,7053581100.0
1883,SRR6456178,542,7555026900.0
1884,SRR6456179,1065,6751838100.0
1885,SRR6456180,1184,5597870700.0
1886,SRR6456181,732,5884281600.0
1887,SRR6456182,656,5993970300.0
1888,SRR6456183,1367,5788828500.0
1889,SRR6456184,1607,6216172500.0
1890,SRR6456185,1524,6473485500.0
1891,SRR6456186,1068,6500019900.0
1892,SRR6456187,736,5666274300.0
1893,SRR6456188,1280,5787260700.0
1894,SRR6456189,1587,5942529300.0
1895,SRR6456190,650,5244667800.0
1896,SRR6456191,1689,5486689500.0
1897,SRR6456192,2015,5639731500.0
1898,SRR6456193,933,5993285700.0
1899,SRR6456194,1149,5458591800.0
1900,SRR6456195,923,4972753500.0
1901,SRR6456196,1336,5722676100.0
1902,SRR6456197,784,5671930200.0
1903,SRR6456198,1000,5653458000.0
1904,SRR6456199,442,5224173900.0
1905,SRR6456200,803,5447199300.0
1906,SRR6456202,1091,5648337000.0
1907,SRR6456203,1372,5794179000.0
1908,SRR6456204,771,5390236800.0
1909,SRR6456205,880,6369581700.0
1910,SRR6456206,1389,5262722400.0
1911,SRR6456207,1610,5955465600.0
1912,SRR6456208,1153,5320699800.0
1913,SRR6456209,1264,5859126600.0
1914,SRR6456210,683,5941777500.0
1915,SRR6456211,869,5531937300.0
1916,SRR6456212,1035,5668126200.0
1917,SRR6456213,756,4800365400.0
1918,SRR6456215,1294,5819127600.0
1919,SRR6456216,661,6536969100.0
1920,SRR6456217,1564,7233782700.0
1921,SRR6456218,1328,6407222400.0
1922,SRR6456219,883,5599295700.0
1923,SRR6456220,1095,6169173600.0
1924,SRR6456221,1424,7395281400.0
1925,SRR6456222,771,5790098400.0
1926,SRR6456223,1398,6178208400.0
1927,SRR6456224,873,6439057200.0
1928,SRR6456225,1003,6583299600.0
1929,SRR6456226,1140,5597310600.0
1930,SRR6456227,1125,5916331500.0
1931,SRR6456228,595,5717824500.0
1932,SRR6456229,890,5667155100.0
1933,SRR6456230,1092,5094450000.0
1934,SRR6456231,1184,5494130700.0
1935,SRR6456232,1282,5366352300.0
1936,SRR6456233,1039,7545126600.0
1937,SRR6456234,1361,5054687100.0
1938,SRR6456235,1286,5871993000.0
1939,SRR6456236,1378,5149464600.0
1940,SRR6456237,1302,5861494500.0
1941,SRR6456238,1237,6279529200.0
1942,SRR6456240,1274,5369131800.0
1943,SRR6456241,1340,5088020700.0
1944,SRR6456242,1306,5909351700.0
1945,SRR6456243,1616,6534235800.0
1946,SRR6456244,1684,5373532200.0
1947,SRR6456245,1020,5499014400.0
1948,SRR6456246,1014,5293631400.0
1949,SRR6456247,1264,5577450900.0
1950,SRR6456248,1479,5272513500.0
1951,SRR6456249,980,5976058200.0
1952,SRR6456250,1136,4964152800.0
1953,SRR6456251,1065,5706329100.0
1954,SRR6456252,844,6268541100.0
1955,SRR6456253,869,6688373100.0
1956,SRR6456254,1418,5231095200.0
1957,SRR6456255,1160,5826712200.0
1958,SRR6915091,157,3192490905.0
1959,SRR6915092,370,2856227022.0
1960,SRR6915093,469,2238831799.0
1961,SRR6915094,155,9691961893.0
1962,SRR6915095,91,6667107549.0
1963,SRR6915096,40,1380598661.0
1964,SRR6915097,431,3397146870.0
1965,SRR6915098,14,9415204354.0
1966,SRR6915099,453,3848011796.0
1967,SRR6915100,419,8069908204.0
1968,SRR6915101,368,4612362125.0
1969,SRR6915102,488,5894505490.0
1970,SRR6915103,509,3502120927.0
1971,SRR6915104,566,3954423129.0
1972,SRR6915105,272,3006599760.0
1973,SRR6915106,436,3513547084.0
1974,SRR6915107,443,2249748272.0
1975,SRR6915108,510,3491145970.0
1976,SRR6915109,371,6221628252.0
1977,SRR6915110,361,2634209575.0
1978,SRR6915111,312,7070005093.0
1979,SRR6915112,498,4232924418.0
1980,SRR6915113,427,12792394056.0
1981,SRR6915114,432,3181709591.0
1982,SRR6915115,240,2751055252.0
1983,SRR6915116,657,3902857335.0
1984,SRR6915117,537,4594875126.0
1985,SRR6915118,750,4833830559.0
1986,SRR6915119,259,4080726893.0
1987,SRR6915120,534,2421623709.0
1988,SRR6915121,454,7513810634.0
1989,SRR6915122,318,18090843680.0
1990,SRR6915123,386,2325769283.0
1991,SRR6915124,486,3001417218.0
1992,SRR6915125,439,6000296678.0
1993,SRR6915126,427,8053932609.0
1994,SRR6915127,442,5253305524.0
1995,SRR6915128,618,4452392988.0
1996,SRR6915129,562,2968281897.0
1997,SRR6915130,512,2322991771.0
1998,SRR6915131,601,8871734689.0
1999,SRR6915132,476,5690844677.0
2000,SRR6915133,356,3212896055.0
2001,SRR6915134,544,4371661312.0
2002,SRR6915135,526,3358393294.0
2003,SRR6915136,552,4358937863.0
2004,SRR6915137,301,2582342536.0
2005,SRR6915138,270,3299268964.0
2006,SRR6915139,440,3759714541.0
2007,SRR6915140,419,4123024408.0
2008,SRR6915141,254,5280970488.0
2009,SRR6915142,575,3582865378.0
2010,SRR6915143,593,2899983053.0
2011,SRR6915144,376,5283084792.0
2012,SRR6915145,496,3278047051.0
2013,SRR6915146,282,7139890166.0
2014,SRR6915147,487,3038841388.0
2015,SRR6915148,280,1003601057.0
2016,SRR6915149,508,3664612940.0
2017,SRR6915150,439,4061843135.0
2018,SRR6915151,379,3027512615.0
2019,SRR6915152,486,3940584384.0
2020,SRR6915153,500,3091754774.0
2021,SRR6915154,323,1258441499.0
2022,SRR6915155,416,2876292643.0
2023,SRR6915156,355,3348954723.0
2024,SRR6915157,301,3046780024.0
2025,SRR6915158,361,2544705351.0
2026,SRR6915159,479,2842274382.0
2027,SRR6915160,302,3767584131.0
2028,SRR6915161,552,3745651087.0
2029,SRR6915162,454,5632484294.0
2030,SRR6915163,312,3460005865.0
2031,SRR6915164,552,3552214977.0
2032,SRR6915165,582,2207785059.0
2033,SRR6915166,440,4657953839.0
2034,SRR6915167,412,2246421841.0
2035,SRR6915168,365,2630654543.0
2036,SRR6915169,517,2264379075.0
2037,SRR6915170,621,2863592421.0
2038,SRR6915171,507,3613264754.0
2039,SRR6915172,459,5440126805.0
2040,SRR6915173,479,2466568920.0
2041,SRR6915174,438,3359472429.0
2042,SRR6915175,675,3730230606.0
2043,SRR6915176,434,2383140130.0
2044,SRR6915177,404,3758212211.0
2045,SRR6915178,430,4649468222.0
2046,SRR6915179,641,5776048618.0
2047,SRR6915180,397,4307730812.0
2048,SRR6915181,485,4727806502.0
2049,SRR6915182,550,5789596185.0
2050,SRR6915183,460,4172656669.0
2051,SRR6915184,490,4176016663.0
2052,SRR6915185,457,3449968979.0
2053,SRR6915186,512,5943992913.0
2054,SRR6915187,414,1712654937.0
2055,SRR6915188,553,3546464398.0
2056,SRR6915189,520,7498578001.0
2057,SRR6915190,603,9084962108.0
2058,SRR6915191,343,2191850458.0
2059,SRR6915192,506,5636441101.0
2060,SRR6915193,488,2455017055.0
2061,SRR6915194,358,2624794425.0
2062,SRR6915195,479,7093186441.0
2063,SRR6915196,567,3870645130.0
2064,SRR6915197,590,3849125332.0
2065,SRR6915198,398,2081182055.0
2066,SRR6915199,331,4136217301.0
2067,SRR6915200,621,10241209234.0
2068,SRR6915201,361,2780984782.0
2069,SRR6915202,272,7612013260.0
2070,SRR6915203,310,2282261877.0
2071,SRR6915204,597,5541440379.0
2072,SRR6915205,491,2713905711.0
2073,SRR6915206,482,3587512037.0
2074,SRR6915207,400,10549012275.0
2075,SRR6915208,485,6483930476.0
2076,SRR6915209,366,8116955390.0
2077,SRR6915210,488,3645416103.0
2078,SRR6915211,495,6268384387.0
2079,SRR6915212,713,2664489416.0
2080,SRR6915213,558,4113773388.0
2081,SRR6915214,487,3156570522.0
2082,SRR6915215,199,9177119226.0
2083,SRR6915216,560,2534851633.0
2084,SRR6915217,269,2137592353.0
2085,SRR6915218,630,3255758142.0
2086,SRR6915219,99,4312690198.0
2087,SRR6915220,561,3923094695.0
2088,SRR6915221,492,6100609609.0
2089,SRR6915222,381,4363913085.0
2090,SRR6915223,578,6123412426.0
2091,SRR6915224,496,4150145791.0
2092,SRR6915225,269,7863262112.0
2093,SRR6915226,294,4096901262.0
2094,SRR6915227,601,9757105527.0
2095,SRR6915228,645,2724618005.0
2096,SRR6915229,407,3091593783.0
2097,SRR6915230,200,2867366381.0
