KIR3DL2,KIR3DL2,KIR3DL3,KIR3DL3
KIR3DL2*0020110,KIR3DL2*0030102,KIR3DL3*0030106,KIR3DL3*102
KIR3DL2*0050101,KIR3DL2*0020111,KIR3DL3*0010104,KIR3DL3*0060101
KIR3DL2*0010101,KIR3DL2*0070106,KIR3DL3*103,KIR3DL3*01701
KIR3DL2*0010304,KIR3DL2*0070106,KIR3DL3*0020202,KIR3DL3*0090106
KIR3DL2*0030102,KIR3DL2*0010101,KIR3DL3*0410103,KIR3DL3*0020204
KIR3DL2*0010107,KIR3DL2*119,KIR3DL3*01502,KIR3DL3*02701
KIR3DL2*1350102,KIR3DL2*01101,KIR3DL3*103,KIR3DL3*0040203
KIR3DL2*0010106,KIR3DL2*0090101,KIR3DL3*0070102,KIR3DL3*01701
KIR3DL2*0010104,KIR3DL2*0020112,KIR3DL3*01001,KIR3DL3*0010101
KIR3DL2*0010106,KIR3DL2*0010110,KIR3DL3*01502,KIR3DL3*0070102
KIR3DL2*127,KIR3DL2*0010111,KIR3DL3*0030103,KIR3DL3*00602
KIR3DL2*0080102,KIR3DL2*0180102,KIR3DL3*00105,KIR3DL3*00603
KIR3DL2*119,KIR3DL2*137,KIR3DL3*0090106,KIR3DL3*10701
KIR3DL2*0050102,KIR3DL2*01101,KIR3DL3*0030112,KIR3DL3*01302
KIR3DL2*0020110,KIR3DL2*0050102,KIR3DL3*0010101,KIR3DL3*0410103
KIR3DL2*0020101,KIR3DL2*0030102,KIR3DL3*0010104,KIR3DL3*036
KIR3DL2*0010101,KIR3DL2*0010301,KIR3DL3*0020202,KIR3DL3*00801
KIR3DL2*0020101,KIR3DL2*0020113,KIR3DL3*0090101,KIR3DL3*0020204
KIR3DL2*0030102,KIR3DL2*0070113,KIR3DL3*0030112,KIR3DL3*00602
KIR3DL2*0090102,KIR3DL2*0020101,KIR3DL3*0020702,KIR3DL3*0040203
KIR3DL2*0010304,KIR3DL2*0030102,KIR3DL3*0020102,KIR3DL3*0010202
KIR3DL2*0020108,KIR3DL2*144,KIR3DL3*01701,KIR3DL3*0030105
KIR3DL2*0050102,KIR3DL2*0070106,KIR3DL3*0010101,KIR3DL3*00602
KIR3DL2*0050102,KIR3DL2*0010108,KIR3DL3*0070102,KIR3DL3*0090106
KIR3DL2*0050102,KIR3DL2*0020111,KIR3DL3*0010104,KIR3DL3*00602
KIR3DL2*0020112,KIR3DL2*0080103,KIR3DL3*0040204,KIR3DL3*01302
KIR3DL2*0020110,KIR3DL2*0010302,KIR3DL3*02701,KIR3DL3*0030112
KIR3DL2*0070106,KIR3DL2*0020101,KIR3DL3*02701,KIR3DL3*00602
KIR3DL2*0020104,KIR3DL2*0030102,KIR3DL3*0020102,KIR3DL3*0020602
KIR3DL2*0020105,KIR3DL2*130,KIR3DL3*0020602,KIR3DL3*01701
KIR3DL2*0020104,KIR3DL2*0020112,KIR3DL3*0090106,KIR3DL3*0010101
KIR3DL2*00903,KIR3DL2*0020109,KIR3DL3*0060101,KIR3DL3*099
KIR3DL2*0090102,KIR3DL2*01101,KIR3DL3*01701,KIR3DL3*01001
KIR3DL2*0020108,KIR3DL2*0050101,KIR3DL3*0250101,KIR3DL3*0090101
KIR3DL2*0030102,KIR3DL2*0020101,KIR3DL3*0030112,KIR3DL3*0030103
KIR3DL2*0090102,KIR3DL2*01001,KIR3DL3*0090101,KIR3DL3*0010104
KIR3DL2*0010106,KIR3DL2*137,KIR3DL3*019,KIR3DL3*0020102
KIR3DL2*0010301,KIR3DL2*0070113,KIR3DL3*0010104,KIR3DL3*0040201
KIR3DL2*01005,KIR3DL2*140,KIR3DL3*00902,KIR3DL3*036
KIR3DL2*0010301,KIR3DL2*0080101,KIR3DL3*01701,KIR3DL3*0140206
KIR3DL2*0020101,KIR3DL2*137,KIR3DL3*0030103,KIR3DL3*0020701
KIR3DL2*128,KIR3DL2*0020113,KIR3DL3*0010101,KIR3DL3*0020602
KIR3DL2*0020110,KIR3DL2*0050102,KIR3DL3*103,KIR3DL3*0040201
KIR3DL2*00903,KIR3DL2*0020101,KIR3DL3*10802,KIR3DL3*104
KIR3DL2*1220101,KIR3DL2*0010107,KIR3DL3*019,KIR3DL3*0040201
KIR3DL2*143Q,KIR3DL2*0020101,KIR3DL3*01001,KIR3DL3*0030103
KIR3DL2*0020110,KIR3DL2*0010301,KIR3DL3*0010104,KIR3DL3*0030105
KIR3DL2*0030102,KIR3DL2*0020110,KIR3DL3*103,KIR3DL3*0040201
KIR3DL2*0020105,KIR3DL2*0050101,KIR3DL3*0410102,KIR3DL3*0010101
KIR3DL2*0030102,KIR3DL2*0070106,KIR3DL3*01001,KIR3DL3*0020602
KIR3DL2*0080102,KIR3DL2*1180101,KIR3DL3*0140206,KIR3DL3*0020604
KIR3DL2*0070106,KIR3DL2*133,KIR3DL3*0090104,KIR3DL3*0010101
KIR3DL2*0050102,KIR3DL2*0070112,KIR3DL3*0030108,KIR3DL3*0410103
KIR3DL2*0010108,KIR3DL2*132,KIR3DL3*0020602,KIR3DL3*0140205
KIR3DL2*0080103,KIR3DL2*0050102,KIR3DL3*0030112,KIR3DL3*0010101
KIR3DL2*01001,KIR3DL2*0020114,KIR3DL3*0020102,KIR3DL3*0030107
KIR3DL2*01101,KIR3DL2*0010301,KIR3DL3*0030103,KIR3DL3*0010101
KIR3DL2*0070112,KIR3DL2*0020108,KIR3DL3*0010101,KIR3DL3*0250101
KIR3DL2*0070106,KIR3DL2*0020103,KIR3DL3*0010104,KIR3DL3*0020602
KIR3DL2*0030102,KIR3DL2*140,KIR3DL3*0040203,KIR3DL3*0010202
KIR3DL2*0070106,KIR3DL2*0010109,KIR3DL3*0020602,KIR3DL3*00602
KIR3DL2*0020101,KIR3DL2*0030102,KIR3DL3*01502,KIR3DL3*0090106
KIR3DL2*0080102,KIR3DL2*133,KIR3DL3*0010201,KIR3DL3*0140206
KIR3DL2*0020112,KIR3DL2*0070106,KIR3DL3*0010104,KIR3DL3*0020202
KIR3DL2*0010301,KIR3DL2*0090102,KIR3DL3*0020602,KIR3DL3*0030112
KIR3DL2*0010301,KIR3DL2*0070106,KIR3DL3*0010101,KIR3DL3*0010102
KIR3DL2*0010304,KIR3DL2*0010107,KIR3DL3*00801,KIR3DL3*01302
KIR3DL2*0010301,KIR3DL2*0020110,KIR3DL3*0020701,KIR3DL3*103
KIR3DL2*0070106,KIR3DL2*01101,KIR3DL3*01001,KIR3DL3*01701
KIR3DL2*0010303,KIR3DL2*119,KIR3DL3*0020602,KIR3DL3*00105
KIR3DL2*0020113,KIR3DL2*0080103,KIR3DL3*01001,KIR3DL3*00902
KIR3DL2*0020105,KIR3DL2*0020113,KIR3DL3*0090101,KIR3DL3*0030105
KIR3DL2*0080101,KIR3DL2*0070111,KIR3DL3*01001,KIR3DL3*0020204
KIR3DL2*129N,KIR3DL2*0020113,KIR3DL3*01001,KIR3DL3*099
KIR3DL2*0020105,KIR3DL2*0070112,KIR3DL3*01001,KIR3DL3*04801
KIR3DL2*129N,KIR3DL2*129N,KIR3DL3*01001,KIR3DL3*04801
KIR3DL2*0020105,KIR3DL2*137,KIR3DL3*01001,KIR3DL3*00801
KIR3DL2*0020113,KIR3DL2*0010109,KIR3DL3*01002,KIR3DL3*01001
KIR3DL2*129N,KIR3DL2*0020102,KIR3DL3*01001,KIR3DL3*099
KIR3DL2*127,KIR3DL2*0071302,KIR3DL3*01004,KIR3DL3*0060101
KIR3DL2*0010109,KIR3DL2*0020105,KIR3DL3*01001,KIR3DL3*099
KIR3DL2*0020113,KIR3DL2*0010304,KIR3DL3*00802,KIR3DL3*01001
KIR3DL2*01001,KIR3DL2*133,KIR3DL3*01001,KIR3DL3*01002
KIR3DL2*0020114,KIR3DL2*0070106,KIR3DL3*099,KIR3DL3*01004
KIR3DL2*0020105,KIR3DL2*0080101,KIR3DL3*01002,KIR3DL3*0060101
KIR3DL2*0020114,KIR3DL2*023,KIR3DL3*01004,KIR3DL3*0030112
KIR3DL2*0020113,KIR3DL2*0010301,KIR3DL3*00802,KIR3DL3*0090101
KIR3DL2*0030102,KIR3DL2*0020105,KIR3DL3*01001,KIR3DL3*00802
KIR3DL2*0080101,KIR3DL2*129N,KIR3DL3*01002,KIR3DL3*00802
KIR3DL2*0020113,KIR3DL2*1350102,KIR3DL3*0010101,KIR3DL3*01001
KIR3DL2*129N,KIR3DL2*0050102,KIR3DL3*00602,KIR3DL3*0030112
KIR3DL2*0020113,KIR3DL2*0020109,KIR3DL3*01001,KIR3DL3*0040201
KIR3DL2*00903,KIR3DL2*129N,KIR3DL3*01001,KIR3DL3*01002
KIR3DL2*0020114,KIR3DL2*0020105,KIR3DL3*0060102,KIR3DL3*01502
KIR3DL2*0020113,KIR3DL2*01001,KIR3DL3*0040201,KIR3DL3*01002
KIR3DL2*01001,KIR3DL2*0070102,KIR3DL3*01002,KIR3DL3*0030112
KIR3DL2*0070109,KIR3DL2*0020105,KIR3DL3*00902,KIR3DL3*099
KIR3DL2*0020105,KIR3DL2*0070102,KIR3DL3*01001,KIR3DL3*04801
KIR3DL2*0070106,KIR3DL2*0020105,KIR3DL3*01002,KIR3DL3*00801
KIR3DL2*0070106,KIR3DL2*0020114,KIR3DL3*0040201,KIR3DL3*099
KIR3DL2*0020113,KIR3DL2*0070102,KIR3DL3*01502,KIR3DL3*01002
KIR3DL2*0020113,KIR3DL2*0010301,KIR3DL3*0010202,KIR3DL3*0020202
KIR3DL2*0020105,KIR3DL2*0070105,KIR3DL3*01004,KIR3DL3*0060101
KIR3DL2*0020114,KIR3DL2*1350102,KIR3DL3*01004,KIR3DL3*00802
KIR3DL2*0070110,KIR3DL2*0070111,KIR3DL3*04801,KIR3DL3*01001
KIR3DL2*0050101,KIR3DL2*1220101,KIR3DL3*0020202,KIR3DL3*019
KIR3DL2*0020110,KIR3DL2*0090102,KIR3DL3*0030112,KIR3DL3*02701
KIR3DL2*0020105,KIR3DL2*01005,KIR3DL3*01004,KIR3DL3*01004
KIR3DL2*0020105,KIR3DL2*0020114,KIR3DL3*01002,KIR3DL3*01001
KIR3DL2*01001,KIR3DL2*0070106,KIR3DL3*099,KIR3DL3*01001
KIR3DL2*0020114,KIR3DL2*0020105,KIR3DL3*01001,KIR3DL3*0090101
KIR3DL2*0020113,KIR3DL2*0020112,KIR3DL3*0010101,KIR3DL3*01002
KIR3DL2*0080101,KIR3DL2*01001,KIR3DL3*01001,KIR3DL3*099
KIR3DL2*137,KIR3DL2*127,KIR3DL3*0060101,KIR3DL3*0030105
KIR3DL2*0020110,KIR3DL2*141N,KIR3DL3*0140205,KIR3DL3*036
KIR3DL2*0010301,KIR3DL2*140,KIR3DL3*0060101,KIR3DL3*0070103
KIR3DL2*0020105,KIR3DL2*1350102,KIR3DL3*00802,KIR3DL3*0040201
KIR3DL2*0020101,KIR3DL2*0010301,KIR3DL3*0010102,KIR3DL3*0030112
KIR3DL2*0050102,KIR3DL2*0010101,KIR3DL3*103,KIR3DL3*0030103
KIR3DL2*00903,KIR3DL2*0010304,KIR3DL3*0040201,KIR3DL3*01002
KIR3DL2*01001,KIR3DL2*0020113,KIR3DL3*0060102,KIR3DL3*0030102
KIR3DL2*129N,KIR3DL2*0020102,KIR3DL3*01001,KIR3DL3*0020204
KIR3DL2*129N,KIR3DL2*0070102,KIR3DL3*01001,KIR3DL3*099
KIR3DL2*0020113,KIR3DL2*0070111,KIR3DL3*01502,KIR3DL3*0020204
KIR3DL2*0020113,KIR3DL2*00903,KIR3DL3*01002,KIR3DL3*0040201
KIR3DL2*0070106,KIR3DL2*129N,KIR3DL3*01004,KIR3DL3*0060102
KIR3DL2*0030102,KIR3DL2*0080101,KIR3DL3*0070102,KIR3DL3*0040202
KIR3DL2*0020106,KIR3DL2*0030102,KIR3DL3*0090101,KIR3DL3*00902
KIR3DL2*0090102,KIR3DL2*0010104,KIR3DL3*0020702,KIR3DL3*0030106
KIR3DL2*0020114,KIR3DL2*0020114,KIR3DL3*0010101,KIR3DL3*0020604
KIR3DL2*0010304,KIR3DL2*0010105,KIR3DL3*0090101,KIR3DL3*103
KIR3DL2*0020111,KIR3DL2*0020101,KIR3DL3*0030112,KIR3DL3*0010101
KIR3DL2*0090101,KIR3DL2*137,KIR3DL3*0090101,KIR3DL3*0020702
KIR3DL2*0010107,KIR3DL2*0030102,KIR3DL3*01701,KIR3DL3*0020202
KIR3DL2*0070112,KIR3DL2*0010301,KIR3DL3*0040201,KIR3DL3*0030112
KIR3DL2*01101,KIR3DL2*0050102,KIR3DL3*0090101,KIR3DL3*0140205
KIR3DL2*0010301,KIR3DL2*137,KIR3DL3*00602,KIR3DL3*0020102
KIR3DL2*0030102,KIR3DL2*0020101,KIR3DL3*0030103,KIR3DL3*0140205
KIR3DL2*0050101,KIR3DL2*0010301,KIR3DL3*0020701,KIR3DL3*0090101
KIR3DL2*0010301,KIR3DL2*0070102,KIR3DL3*0030103,KIR3DL3*0040202
KIR3DL2*0070106,KIR3DL2*0010305,KIR3DL3*0020604,KIR3DL3*01701
KIR3DL2*0010109,KIR3DL2*1390102,KIR3DL3*0090101,KIR3DL3*0030112
KIR3DL2*127,KIR3DL2*0010303,KIR3DL3*02701,KIR3DL3*0090101
KIR3DL2*0030102,KIR3DL2*01005,KIR3DL3*0010202,KIR3DL3*0010202
KIR3DL2*0070106,KIR3DL2*0020112,KIR3DL3*0030105,KIR3DL3*00902
KIR3DL2*0070106,KIR3DL2*0010303,KIR3DL3*0010101,KIR3DL3*0090101
KIR3DL2*0020110,KIR3DL2*143Q,KIR3DL3*0030112,KIR3DL3*01302
KIR3DL2*0020113,KIR3DL2*0090101,KIR3DL3*00602,KIR3DL3*00902
KIR3DL2*0050101,KIR3DL2*0010304,KIR3DL3*0020701,KIR3DL3*01701
KIR3DL2*0070106,KIR3DL2*0010104,KIR3DL3*0090101,KIR3DL3*0020602
KIR3DL2*0020113,KIR3DL2*0020105,KIR3DL3*0010102,KIR3DL3*0030105
KIR3DL2*0020113,KIR3DL2*0070110,KIR3DL3*01002,KIR3DL3*0410103
KIR3DL2*0020105,KIR3DL2*0070106,KIR3DL3*00902,KIR3DL3*0040202
KIR3DL2*129N,KIR3DL2*0020105,KIR3DL3*01502,KIR3DL3*00802
KIR3DL2*0020101,KIR3DL2*140,KIR3DL3*0030112,KIR3DL3*0070103
KIR3DL2*0020110,KIR3DL2*0070103,KIR3DL3*0070104,KIR3DL3*0070104
KIR3DL2*0010107,KIR3DL2*0090102,KIR3DL3*0090101,KIR3DL3*0020702
KIR3DL2*0020112,KIR3DL2*0180102,KIR3DL3*0020604,KIR3DL3*0090101
KIR3DL2*0010105,KIR3DL2*133,KIR3DL3*0020203,KIR3DL3*00602
KIR3DL2*0010101,KIR3DL2*137,KIR3DL3*04801,KIR3DL3*0030103
KIR3DL2*119,KIR3DL2*0090101,KIR3DL3*0010104,KIR3DL3*0140205
KIR3DL2*0010304,KIR3DL2*0070101,KIR3DL3*0030112,KIR3DL3*012
KIR3DL2*0010109,KIR3DL2*0070102,KIR3DL3*0040201,KIR3DL3*0140206
KIR3DL2*0010111,KIR3DL2*0180102,KIR3DL3*0030112,KIR3DL3*0020701
KIR3DL2*140,KIR3DL2*0070106,KIR3DL3*00602,KIR3DL3*0030112
KIR3DL2*140,KIR3DL2*0180102,KIR3DL3*00602,KIR3DL3*01303
KIR3DL2*1350102,KIR3DL2*0010104,KIR3DL3*00902,KIR3DL3*0040201
KIR3DL2*0020111,KIR3DL2*0020113,KIR3DL3*0090101,KIR3DL3*00802
KIR3DL2*140,KIR3DL2*0010303,KIR3DL3*00602,KIR3DL3*00602
KIR3DL2*0020101,KIR3DL2*140,KIR3DL3*0250101,KIR3DL3*103
KIR3DL2*0050102,KIR3DL2*0070106,KIR3DL3*0040201,KIR3DL3*0010102
KIR3DL2*0030102,KIR3DL2*0010304,KIR3DL3*0030112,KIR3DL3*0140206
KIR3DL2*01001,KIR3DL2*131N,KIR3DL3*0040201,KIR3DL3*0020701
KIR3DL2*0010102,KIR3DL2*0010107,KIR3DL3*00902,KIR3DL3*0090101
KIR3DL2*01001,KIR3DL2*01101,KIR3DL3*0020202,KIR3DL3*00902
KIR3DL2*140,KIR3DL2*0070114,KIR3DL3*0090101,KIR3DL3*0040202
KIR3DL2*0010102,KIR3DL2*0070106,KIR3DL3*01002,KIR3DL3*0070102
KIR3DL2*0070106,KIR3DL2*0050101,KIR3DL3*02701,KIR3DL3*0010202
KIR3DL2*0020113,KIR3DL2*0010109,KIR3DL3*0410103,KIR3DL3*0010102
KIR3DL2*0050101,KIR3DL2*00903,KIR3DL3*0140201,KIR3DL3*0030112
KIR3DL2*0010109,KIR3DL2*0020113,KIR3DL3*0010102,KIR3DL3*0140205
KIR3DL2*0010111,KIR3DL2*0070106,KIR3DL3*0090101,KIR3DL3*0010101
KIR3DL2*0020105,KIR3DL2*127,KIR3DL3*00902,KIR3DL3*0090101
KIR3DL2*0010111,KIR3DL2*0070111,KIR3DL3*0410102,KIR3DL3*0030112
KIR3DL2*0010107,KIR3DL2*0070106,KIR3DL3*0140205,KIR3DL3*02701
KIR3DL2*0070112,KIR3DL2*0080103,KIR3DL3*0030103,KIR3DL3*01701
KIR3DL2*0020113,KIR3DL2*137,KIR3DL3*00802,KIR3DL3*0030112
KIR3DL2*0070110,KIR3DL2*00903,KIR3DL3*0090101,KIR3DL3*0030105
KIR3DL2*1220101,KIR3DL2*0020110,KIR3DL3*0030112,KIR3DL3*04802
KIR3DL2*0010108,KIR3DL2*0020105,KIR3DL3*019,KIR3DL3*0090101
KIR3DL2*0050102,KIR3DL2*0010301,KIR3DL3*0090101,KIR3DL3*0020202
KIR3DL2*01001,KIR3DL2*0050102,KIR3DL3*02701,KIR3DL3*0020202
KIR3DL2*133,KIR3DL2*1250102,KIR3DL3*01701,KIR3DL3*0090101
KIR3DL2*0010302,KIR3DL2*00903,KIR3DL3*0040201,KIR3DL3*0040202
KIR3DL2*01101,KIR3DL2*0020107,KIR3DL3*0250101,KIR3DL3*0030106
KIR3DL2*0070106,KIR3DL2*0020102,KIR3DL3*0030106,KIR3DL3*0010101
KIR3DL2*0070105,KIR3DL2*0020109,KIR3DL3*00902,KIR3DL3*0070103
KIR3DL2*0020113,KIR3DL2*0020101,KIR3DL3*0010101,KIR3DL3*0250101
KIR3DL2*140,KIR3DL2*0020110,KIR3DL3*103,KIR3DL3*0030105
KIR3DL2*0090102,KIR3DL2*0070112,KIR3DL3*0140205,KIR3DL3*0030105
KIR3DL2*0050102,KIR3DL2*0010301,KIR3DL3*0030112,KIR3DL3*0090101
KIR3DL2*137,KIR3DL2*01001,KIR3DL3*0020702,KIR3DL3*0020602
KIR3DL2*0030102,KIR3DL2*0050102,KIR3DL3*0090101,KIR3DL3*0090103
KIR3DL2*0050101,KIR3DL2*0020102,KIR3DL3*0020605,KIR3DL3*01302
KIR3DL2*0010101,KIR3DL2*00503,KIR3DL3*0010101,KIR3DL3*0090106
KIR3DL2*0010304,KIR3DL2*0070102,KIR3DL3*0020602,KIR3DL3*0090101
KIR3DL2*0030102,KIR3DL2*01001,KIR3DL3*0090101,KIR3DL3*0060102
KIR3DL2*0010105,KIR3DL2*121,KIR3DL3*0030101,KIR3DL3*01303
KIR3DL2*0010101,KIR3DL2*124,KIR3DL3*0060101,KIR3DL3*00801
KIR3DL2*137,KIR3DL2*0070114,KIR3DL3*0010101,KIR3DL3*0030103
KIR3DL2*0010301,KIR3DL2*0020110,KIR3DL3*01502,KIR3DL3*0140203
KIR3DL2*0070114,KIR3DL2*0020114,KIR3DL3*0030112,KIR3DL3*099
KIR3DL2*0010109,KIR3DL2*0010301,KIR3DL3*0020202,KIR3DL3*0090106
KIR3DL2*129N,KIR3DL2*0020108,KIR3DL3*00802,KIR3DL3*0040203
KIR3DL2*0020106,KIR3DL2*00206,KIR3DL3*0090101,KIR3DL3*01002
KIR3DL2*0020113,KIR3DL2*0020102,KIR3DL3*00902,KIR3DL3*0090101
KIR3DL2*0020106,KIR3DL2*0020104,KIR3DL3*00902,KIR3DL3*01002
KIR3DL2*0010109,KIR3DL2*0070106,KIR3DL3*0250101,KIR3DL3*0030105
KIR3DL2*0010107,KIR3DL2*137,KIR3DL3*0030112,KIR3DL3*0250101
KIR3DL2*0020110,KIR3DL2*0070110,KIR3DL3*0020702,KIR3DL3*0010101
KIR3DL2*137,KIR3DL2*0070114,KIR3DL3*0030103,KIR3DL3*01701
KIR3DL2*0080101,KIR3DL2*0020105,KIR3DL3*01002,KIR3DL3*00602
KIR3DL2*129N,KIR3DL2*0020108,KIR3DL3*00902,KIR3DL3*0070103
KIR3DL2*0020113,KIR3DL2*0070108,KIR3DL3*0060101,KIR3DL3*01001
KIR3DL2*0020105,KIR3DL2*0020105,KIR3DL3*04802,KIR3DL3*00802
KIR3DL2*0020113,KIR3DL2*123,KIR3DL3*0140205,KIR3DL3*0030112
KIR3DL2*0070111,KIR3DL2*137,KIR3DL3*00902,KIR3DL3*0020701
KIR3DL2*0010104,KIR3DL2*0010301,KIR3DL3*0010104,KIR3DL3*01701
KIR3DL2*0020110,KIR3DL2*0020112,KIR3DL3*0030103,KIR3DL3*0010102
KIR3DL2*0070106,KIR3DL2*0070112,KIR3DL3*0020202,KIR3DL3*0030105
KIR3DL2*0090102,KIR3DL2*01101,KIR3DL3*01502,KIR3DL3*04801
KIR3DL2*0010110,KIR3DL2*0020101,KIR3DL3*0250101,KIR3DL3*0090101
KIR3DL2*0020110,KIR3DL2*0050102,KIR3DL3*0020603,KIR3DL3*0010202
KIR3DL2*0020101,KIR3DL2*00903,KIR3DL3*0020602,KIR3DL3*0060101
KIR3DL2*0070106,KIR3DL2*0010301,KIR3DL3*0020602,KIR3DL3*0030112
KIR3DL2*1250102,KIR3DL2*056,KIR3DL3*0020202,KIR3DL3*0090101
KIR3DL2*0050102,KIR3DL2*0010101,KIR3DL3*0090101,KIR3DL3*0030105
KIR3DL2*0070103,KIR3DL2*0010102,KIR3DL3*0030112,KIR3DL3*02701
KIR3DL2*0010301,KIR3DL2*140,KIR3DL3*0140206,KIR3DL3*0090106
KIR3DL2*124,KIR3DL2*0050102,KIR3DL3*0090101,KIR3DL3*0010104
KIR3DL2*0180102,KIR3DL2*0020101,KIR3DL3*0140206,KIR3DL3*01414
KIR3DL2*0050101,KIR3DL2*137,KIR3DL3*103,KIR3DL3*00602
KIR3DL2*0020111,KIR3DL2*0020102,KIR3DL3*0030112,KIR3DL3*103
KIR3DL2*0070106,KIR3DL2*0080102,KIR3DL3*0030106,KIR3DL3*01701
KIR3DL2*0050101,KIR3DL2*0020105,KIR3DL3*0140205,KIR3DL3*0020102
KIR3DL2*0180102,KIR3DL2*0030102,KIR3DL3*0140205,KIR3DL3*0020202
KIR3DL2*0010101,KIR3DL2*121,KIR3DL3*019,KIR3DL3*0090101
KIR3DL2*0090102,KIR3DL2*0070106,KIR3DL3*0090101,KIR3DL3*0030112
KIR3DL2*0020101,KIR3DL2*01001,KIR3DL3*0090101,KIR3DL3*0040201
KIR3DL2*0020114,KIR3DL2*129N,KIR3DL3*099,KIR3DL3*0030112
KIR3DL2*0020113,KIR3DL2*0020113,KIR3DL3*00902,KIR3DL3*01001
KIR3DL2*0020105,KIR3DL2*0020113,KIR3DL3*0090107,KIR3DL3*01303
KIR3DL2*0070106,KIR3DL2*00903,KIR3DL3*01002,KIR3DL3*01001
KIR3DL2*0020114,KIR3DL2*0070106,KIR3DL3*01002,KIR3DL3*0010202
KIR3DL2*0020114,KIR3DL2*137,KIR3DL3*0060101,KIR3DL3*01001
KIR3DL2*0020114,KIR3DL2*0070106,KIR3DL3*01002,KIR3DL3*099
KIR3DL2*0020113,KIR3DL2*0020114,KIR3DL3*01002,KIR3DL3*0030112
KIR3DL2*0020105,KIR3DL2*0010302,KIR3DL3*00602,KIR3DL3*0040201
KIR3DL2*01001,KIR3DL2*138,KIR3DL3*0060101,KIR3DL3*0010101
KIR3DL2*129N,KIR3DL2*0020105,KIR3DL3*0090101,KIR3DL3*0030112
KIR3DL2*0070112,KIR3DL2*01005,KIR3DL3*00902,KIR3DL3*0250101
KIR3DL2*0020113,KIR3DL2*0010104,KIR3DL3*04802,KIR3DL3*04801
KIR3DL2*129N,KIR3DL2*0020109,KIR3DL3*0060101,KIR3DL3*04801
KIR3DL2*0020105,KIR3DL2*01005,KIR3DL3*00602,KIR3DL3*099
KIR3DL2*0070106,KIR3DL2*0010304,KIR3DL3*065,KIR3DL3*065
KIR3DL2*0020114,KIR3DL2*0080101,KIR3DL3*01001,KIR3DL3*04801
KIR3DL2*131N,KIR3DL2*129N,KIR3DL3*00902,KIR3DL3*019
KIR3DL2*129N,KIR3DL2*0070101,KIR3DL3*0250101,KIR3DL3*0020603
KIR3DL2*0020113,KIR3DL2*0020102,KIR3DL3*01001,KIR3DL3*0090101
KIR3DL2*137,KIR3DL2*0070102,KIR3DL3*01303,KIR3DL3*0040204
KIR3DL2*00202,KIR3DL2*0070106,KIR3DL3*0090101,KIR3DL3*0040202
KIR3DL2*0070112,KIR3DL2*00207,KIR3DL3*0010101,KIR3DL3*0020701
KIR3DL2*131N,KIR3DL2*0020102,KIR3DL3*00801,KIR3DL3*012
KIR3DL2*0090102,KIR3DL2*124,KIR3DL3*0090101,KIR3DL3*0020604
KIR3DL2*00903,KIR3DL2*0010304,KIR3DL3*00802,KIR3DL3*0070104
KIR3DL2*0010104,KIR3DL2*00202,KIR3DL3*0030105,KIR3DL3*012
KIR3DL2*0070106,KIR3DL2*127,KIR3DL3*0090101,KIR3DL3*00902
KIR3DL2*0080103,KIR3DL2*0020113,KIR3DL3*00802,KIR3DL3*0020702
KIR3DL2*0020113,KIR3DL2*0070106,KIR3DL3*0090101,KIR3DL3*00802
KIR3DL2*0020105,KIR3DL2*0010109,KIR3DL3*0030103,KIR3DL3*00802
KIR3DL2*0020106,KIR3DL2*1200101,KIR3DL3*0040201,KIR3DL3*00902
KIR3DL2*129N,KIR3DL2*0020109,KIR3DL3*00902,KIR3DL3*00802
KIR3DL2*0030102,KIR3DL2*0070106,KIR3DL3*0090101,KIR3DL3*0040201
KIR3DL2*0020113,KIR3DL2*00205,KIR3DL3*00802,KIR3DL3*00902
KIR3DL2*0020105,KIR3DL2*0010301,KIR3DL3*00802,KIR3DL3*0090101
KIR3DL2*0020106,KIR3DL2*0070106,KIR3DL3*0030112,KIR3DL3*099
KIR3DL2*0020105,KIR3DL2*01001,KIR3DL3*00902,KIR3DL3*00801
KIR3DL2*0050102,KIR3DL2*0020106,KIR3DL3*01002,KIR3DL3*0030101
KIR3DL2*0020106,KIR3DL2*0020106,KIR3DL3*01002,KIR3DL3*00902
KIR3DL2*0020106,KIR3DL2*0070106,KIR3DL3*0040201,KIR3DL3*00902
KIR3DL2*0070106,KIR3DL2*0020105,KIR3DL3*0040201,KIR3DL3*00802
KIR3DL2*0020105,KIR3DL2*0010101,KIR3DL3*00802,KIR3DL3*04801
KIR3DL2*0020106,KIR3DL2*0020109,KIR3DL3*00802,KIR3DL3*01002
KIR3DL2*0020108,KIR3DL2*0020102,KIR3DL3*00802,KIR3DL3*0090101
KIR3DL2*1350102,KIR3DL2*0020113,KIR3DL3*00802,KIR3DL3*036
KIR3DL2*00903,KIR3DL2*127,KIR3DL3*0020202,KIR3DL3*099
KIR3DL2*0020110,KIR3DL2*0010104,KIR3DL3*0010202,KIR3DL3*0090101
KIR3DL2*127,KIR3DL2*0020102,KIR3DL3*0020202,KIR3DL3*02701
KIR3DL2*01005,KIR3DL2*129N,KIR3DL3*00802,KIR3DL3*00902
KIR3DL2*0020105,KIR3DL2*0010301,KIR3DL3*0030112,KIR3DL3*00802
KIR3DL2*0020105,KIR3DL2*137,KIR3DL3*00902,KIR3DL3*00802
KIR3DL2*0050102,KIR3DL2*129N,KIR3DL3*00902,KIR3DL3*0030104
KIR3DL2*0010301,KIR3DL2*01005,KIR3DL3*00902,KIR3DL3*0020602
KIR3DL2*0010305,KIR3DL2*0020102,KIR3DL3*0040202,KIR3DL3*00801
KIR3DL2*127,KIR3DL2*124,KIR3DL3*0090101,KIR3DL3*02701
KIR3DL2*0050101,KIR3DL2*056,KIR3DL3*0090101,KIR3DL3*0040201
KIR3DL2*00903,KIR3DL2*0050102,KIR3DL3*0020202,KIR3DL3*0250101
KIR3DL2*00903,KIR3DL2*0070106,KIR3DL3*012,KIR3DL3*103
KIR3DL2*0020113,KIR3DL2*0010304,KIR3DL3*0090101,KIR3DL3*099
KIR3DL2*0020113,KIR3DL2*01001,KIR3DL3*099,KIR3DL3*00902
KIR3DL2*0020113,KIR3DL2*01001,KIR3DL3*01002,KIR3DL3*00801
KIR3DL2*0020105,KIR3DL2*124,KIR3DL3*01002,KIR3DL3*00602
KIR3DL2*131N,KIR3DL2*0070102,KIR3DL3*0030112,KIR3DL3*0410103
KIR3DL2*0020113,KIR3DL2*0020102,KIR3DL3*01001,KIR3DL3*0030112
KIR3DL2*01001,KIR3DL2*00903,KIR3DL3*0040201,KIR3DL3*01001
KIR3DL2*0010302,KIR3DL2*0020114,KIR3DL3*01001,KIR3DL3*0040201
KIR3DL2*129N,KIR3DL2*0020102,KIR3DL3*0030112,KIR3DL3*01002
KIR3DL2*0020113,KIR3DL2*0070110,KIR3DL3*0010202,KIR3DL3*0010101
KIR3DL2*01005,KIR3DL2*143Q,KIR3DL3*0010101,KIR3DL3*0030105
KIR3DL2*0020113,KIR3DL2*0010301,KIR3DL3*01002,KIR3DL3*0030106
KIR3DL2*0020113,KIR3DL2*137,KIR3DL3*04802,KIR3DL3*099
KIR3DL2*0020105,KIR3DL2*0010304,KIR3DL3*01002,KIR3DL3*099
KIR3DL2*0020114,KIR3DL2*0080101,KIR3DL3*0060102,KIR3DL3*01002
KIR3DL2*0070111,KIR3DL2*0020109,KIR3DL3*00902,KIR3DL3*0040203
KIR3DL2*023,KIR3DL2*0010301,KIR3DL3*0020202,KIR3DL3*005
KIR3DL2*0020113,KIR3DL2*01005,KIR3DL3*00902,KIR3DL3*00802
KIR3DL2*0090101,KIR3DL2*0070110,KIR3DL3*0020202,KIR3DL3*0060101
KIR3DL2*0020112,KIR3DL2*127,KIR3DL3*0090101,KIR3DL3*0140205
KIR3DL2*0020113,KIR3DL2*0080102,KIR3DL3*00802,KIR3DL3*01001
KIR3DL2*0020114,KIR3DL2*0020109,KIR3DL3*00802,KIR3DL3*01001
KIR3DL2*129N,KIR3DL2*0080101,KIR3DL3*0090101,KIR3DL3*0040201
KIR3DL2*0090102,KIR3DL2*129N,KIR3DL3*0060101,KIR3DL3*00801
KIR3DL2*0010109,KIR3DL2*0020102,KIR3DL3*00801,KIR3DL3*01002
KIR3DL2*0020105,KIR3DL2*0010301,KIR3DL3*01001,KIR3DL3*00902
KIR3DL2*0080101,KIR3DL2*0070106,KIR3DL3*01004,KIR3DL3*01002
KIR3DL2*0020113,KIR3DL2*01001,KIR3DL3*01001,KIR3DL3*0090101
KIR3DL2*0010109,KIR3DL2*0180102,KIR3DL3*0090101,KIR3DL3*0090101
KIR3DL2*00903,KIR3DL2*127,KIR3DL3*0030112,KIR3DL3*0410103
KIR3DL2*0020104,KIR3DL2*01005,KIR3DL3*02701,KIR3DL3*00902
KIR3DL2*0020113,KIR3DL2*0020105,KIR3DL3*01001,KIR3DL3*0090101
KIR3DL2*1350102,KIR3DL2*123,KIR3DL3*01004,KIR3DL3*01002
KIR3DL2*0020114,KIR3DL2*01001,KIR3DL3*01001,KIR3DL3*00902
KIR3DL2*0080101,KIR3DL2*1350102,KIR3DL3*036,KIR3DL3*099
KIR3DL2*0080101,KIR3DL2*023,KIR3DL3*01001,KIR3DL3*01002
KIR3DL2*1350102,KIR3DL2*0020105,KIR3DL3*01004,KIR3DL3*00802
KIR3DL2*0020101,KIR3DL2*01005,KIR3DL3*00902,KIR3DL3*0010101
KIR3DL2*0020113,KIR3DL2*0020109,KIR3DL3*01001,KIR3DL3*099
KIR3DL2*0020105,KIR3DL2*1180101,KIR3DL3*00902,KIR3DL3*04802
KIR3DL2*129N,KIR3DL2*0020102,KIR3DL3*01001,KIR3DL3*00902
KIR3DL2*0020109,KIR3DL2*0070106,KIR3DL3*01001,KIR3DL3*01303
KIR3DL2*0020113,KIR3DL2*129N,KIR3DL3*01002,KIR3DL3*0020201
KIR3DL2*137,KIR3DL2*0070106,KIR3DL3*10802,KIR3DL3*0030112
KIR3DL2*0070106,KIR3DL2*0070110,KIR3DL3*01001,KIR3DL3*0140205
KIR3DL2*141N,KIR3DL2*00903,KIR3DL3*01303,KIR3DL3*0030105
KIR3DL2*0050101,KIR3DL2*0070102,KIR3DL3*0410103,KIR3DL3*0040204
KIR3DL2*0010304,KIR3DL2*0010301,KIR3DL3*0020701,KIR3DL3*0090106
KIR3DL2*0020114,KIR3DL2*1350102,KIR3DL3*099,KIR3DL3*01004
KIR3DL2*0010301,KIR3DL2*0070106,KIR3DL3*00902,KIR3DL3*0020602
KIR3DL2*01001,KIR3DL2*0020113,KIR3DL3*0030103,KIR3DL3*00902
KIR3DL2*0050101,KIR3DL2*0020113,KIR3DL3*00902,KIR3DL3*0010102
KIR3DL2*0050101,KIR3DL2*0020113,KIR3DL3*04801,KIR3DL3*0030112
KIR3DL2*0020105,KIR3DL2*0010301,KIR3DL3*00802,KIR3DL3*0040202
KIR3DL2*0020106,KIR3DL2*0070106,KIR3DL3*036,KIR3DL3*01002
KIR3DL2*0020106,KIR3DL2*0070106,KIR3DL3*00902,KIR3DL3*065
KIR3DL2*0010111,KIR3DL2*0070101,KIR3DL3*0090101,KIR3DL3*036
KIR3DL2*0010104,KIR3DL2*0010301,KIR3DL3*02702,KIR3DL3*0140203
KIR3DL2*0020101,KIR3DL2*01005,KIR3DL3*01004,KIR3DL3*0030107
KIR3DL2*01005,KIR3DL2*129N,KIR3DL3*00902,KIR3DL3*02703
KIR3DL2*0070102,KIR3DL2*0020105,KIR3DL3*00802,KIR3DL3*01001
KIR3DL2*01001,KIR3DL2*0010104,KIR3DL3*0140202,KIR3DL3*02701
KIR3DL2*0050101,KIR3DL2*127,KIR3DL3*0010102,KIR3DL3*0020604
KIR3DL2*0070106,KIR3DL2*131N,KIR3DL3*02701,KIR3DL3*0140202
KIR3DL2*0010104,KIR3DL2*0010301,KIR3DL3*0040202,KIR3DL3*0030102
KIR3DL2*0010301,KIR3DL2*0010104,KIR3DL3*0140202,KIR3DL3*0040201
KIR3DL2*0030102,KIR3DL2*0010304,KIR3DL3*0040202,KIR3DL3*01701
KIR3DL2*01001,KIR3DL2*127,KIR3DL3*02702,KIR3DL3*00801
KIR3DL2*0010301,KIR3DL2*0010104,KIR3DL3*0020202,KIR3DL3*0070104
KIR3DL2*0020113,KIR3DL2*0020109,KIR3DL3*01001,KIR3DL3*01001
KIR3DL2*0080101,KIR3DL2*01005,KIR3DL3*099,KIR3DL3*01002
KIR3DL2*01001,KIR3DL2*00205,KIR3DL3*0040201,KIR3DL3*099
KIR3DL2*0020105,KIR3DL2*0070106,KIR3DL3*00902,KIR3DL3*0140204
KIR3DL2*0020105,KIR3DL2*0020105,KIR3DL3*01001,KIR3DL3*0090101
KIR3DL2*0020105,KIR3DL2*0020114,KIR3DL3*00902,KIR3DL3*0060102
KIR3DL2*0020113,KIR3DL2*01001,KIR3DL3*0020603,KIR3DL3*02703
KIR3DL2*0020105,KIR3DL2*01001,KIR3DL3*0060101,KIR3DL3*01002
KIR3DL2*0070112,KIR3DL2*0020102,KIR3DL3*02701,KIR3DL3*0040201
KIR3DL2*0020102,KIR3DL2*01001,KIR3DL3*0090101,KIR3DL3*0020202
KIR3DL2*0010109,KIR3DL2*0010304,KIR3DL3*0090101,KIR3DL3*0090103
KIR3DL2*131N,KIR3DL2*0010111,KIR3DL3*0020202,KIR3DL3*0090101
KIR3DL2*0010109,KIR3DL2*127,KIR3DL3*0020202,KIR3DL3*0090101
KIR3DL2*0010109,KIR3DL2*0070112,KIR3DL3*0030105,KIR3DL3*099
KIR3DL2*0010104,KIR3DL2*023,KIR3DL3*0090104,KIR3DL3*0090107
KIR3DL2*0070106,KIR3DL2*1390102,KIR3DL3*00602,KIR3DL3*0030112
KIR3DL2*0070106,KIR3DL2*0010301,KIR3DL3*0030112,KIR3DL3*0010101
KIR3DL2*130,KIR3DL2*0020110,KIR3DL3*019,KIR3DL3*04802
KIR3DL2*0050102,KIR3DL2*0070106,KIR3DL3*019,KIR3DL3*0010101
KIR3DL2*023,KIR3DL2*131N,KIR3DL3*0250101,KIR3DL3*0020202
KIR3DL2*129N,KIR3DL2*01001,KIR3DL3*01502,KIR3DL3*00802
KIR3DL2*00202,KIR3DL2*0010304,KIR3DL3*01001,KIR3DL3*0040201
KIR3DL2*0020113,KIR3DL2*124,KIR3DL3*099,KIR3DL3*00902
KIR3DL2*0010104,KIR3DL2*0020102,KIR3DL3*0040201,KIR3DL3*0020202
KIR3DL2*0090101,KIR3DL2*0020101,KIR3DL3*0040204,KIR3DL3*005
KIR3DL2*0050102,KIR3DL2*0070112,KIR3DL3*0020701,KIR3DL3*02701
KIR3DL2*0090101,KIR3DL2*0020102,KIR3DL3*0010102,KIR3DL3*0030101
KIR3DL2*131N,KIR3DL2*00903,KIR3DL3*0250101,KIR3DL3*01413
KIR3DL2*0050102,KIR3DL2*131N,KIR3DL3*01302,KIR3DL3*02702
KIR3DL2*137,KIR3DL2*0010109,KIR3DL3*0090101,KIR3DL3*01701
KIR3DL2*0020110,KIR3DL2*01001,KIR3DL3*036,KIR3DL3*01502
KIR3DL2*123,KIR3DL2*0010304,KIR3DL3*0030105,KIR3DL3*012
KIR3DL2*0010104,KIR3DL2*0010104,KIR3DL3*0090101,KIR3DL3*0020202
KIR3DL2*131N,KIR3DL2*0030102,KIR3DL3*0020701,KIR3DL3*0090101
KIR3DL2*0010104,KIR3DL2*00903,KIR3DL3*0030112,KIR3DL3*0020203
KIR3DL2*0010304,KIR3DL2*0020102,KIR3DL3*0090101,KIR3DL3*0090103
KIR3DL2*0010105,KIR3DL2*0020102,KIR3DL3*0040201,KIR3DL3*005
KIR3DL2*0010104,KIR3DL2*0020102,KIR3DL3*0090101,KIR3DL3*0070104
KIR3DL2*0071202,KIR3DL2*0020102,KIR3DL3*019,KIR3DL3*0010202
KIR3DL2*0020113,KIR3DL2*0070114,KIR3DL3*0090101,KIR3DL3*0010101
KIR3DL2*1390101,KIR3DL2*0070106,KIR3DL3*0030112,KIR3DL3*100
KIR3DL2*137,KIR3DL2*119,KIR3DL3*0010104,KIR3DL3*0030106
KIR3DL2*0010109,KIR3DL2*127,KIR3DL3*0020202,KIR3DL3*02701
KIR3DL2*00903,KIR3DL2*0070111,KIR3DL3*0250101,KIR3DL3*0020701
KIR3DL2*141N,KIR3DL2*127,KIR3DL3*099,KIR3DL3*04801
KIR3DL2*1350102,KIR3DL2*0020105,KIR3DL3*0020202,KIR3DL3*012
KIR3DL2*131N,KIR3DL2*0050102,KIR3DL3*0020202,KIR3DL3*0140202
KIR3DL2*0070106,KIR3DL2*0090101,KIR3DL3*0020702,KIR3DL3*0010101
KIR3DL2*0010107,KIR3DL2*0070106,KIR3DL3*0030112,KIR3DL3*036
KIR3DL2*0071202,KIR3DL2*1350102,KIR3DL3*0140203,KIR3DL3*0020604
KIR3DL2*0070106,KIR3DL2*0020105,KIR3DL3*0030112,KIR3DL3*02702
KIR3DL2*0010107,KIR3DL2*0050102,KIR3DL3*02701,KIR3DL3*0030112
KIR3DL2*0020113,KIR3DL2*0020109,KIR3DL3*0030112,KIR3DL3*0010101
KIR3DL2*0010301,KIR3DL2*0020105,KIR3DL3*0030112,KIR3DL3*104
KIR3DL2*0010107,KIR3DL2*0020102,KIR3DL3*0070103,KIR3DL3*0030102
KIR3DL2*023,KIR3DL2*0010301,KIR3DL3*0090101,KIR3DL3*012
KIR3DL2*0010301,KIR3DL2*0010111,KIR3DL3*01701,KIR3DL3*0030112
KIR3DL2*0020102,KIR3DL2*140,KIR3DL3*012,KIR3DL3*0040201
KIR3DL2*0070106,KIR3DL2*1180101,KIR3DL3*0030105,KIR3DL3*0040201
KIR3DL2*01001,KIR3DL2*127,KIR3DL3*0140203,KIR3DL3*0030105
KIR3DL2*129N,KIR3DL2*1350101,KIR3DL3*099,KIR3DL3*02702
KIR3DL2*0010104,KIR3DL2*0070102,KIR3DL3*0010102,KIR3DL3*0030112
KIR3DL2*0070112,KIR3DL2*0070103,KIR3DL3*02702,KIR3DL3*0090101
KIR3DL2*0010111,KIR3DL2*140,KIR3DL3*0020202,KIR3DL3*0020204
KIR3DL2*0020113,KIR3DL2*0050102,KIR3DL3*0090101,KIR3DL3*0010101
KIR3DL2*0020101,KIR3DL2*0020114,KIR3DL3*0090101,KIR3DL3*0040202
KIR3DL2*137,KIR3DL2*0020113,KIR3DL3*0030112,KIR3DL3*02701
KIR3DL2*0010304,KIR3DL2*0010111,KIR3DL3*0040201,KIR3DL3*012
KIR3DL2*0010108,KIR3DL2*0070109,KIR3DL3*0410103,KIR3DL3*0020602
KIR3DL2*0010301,KIR3DL2*124,KIR3DL3*012,KIR3DL3*02702
KIR3DL2*1390102,KIR3DL2*1350102,KIR3DL3*0030112,KIR3DL3*0030104
KIR3DL2*0010305,KIR3DL2*127,KIR3DL3*0250101,KIR3DL3*012
KIR3DL2*1390101,KIR3DL2*0020102,KIR3DL3*0090101,KIR3DL3*0030103
KIR3DL2*0010109,KIR3DL2*127,KIR3DL3*02701,KIR3DL3*01701
KIR3DL2*0010303,KIR3DL2*0010303,KIR3DL3*0090101,KIR3DL3*0020202
KIR3DL2*124,KIR3DL2*0050102,KIR3DL3*0140202,KIR3DL3*0020701
KIR3DL2*0010104,KIR3DL2*0010305,KIR3DL3*0040201,KIR3DL3*0090103
KIR3DL2*0020102,KIR3DL2*137,KIR3DL3*0040201,KIR3DL3*02703
KIR3DL2*0080101,KIR3DL2*129N,KIR3DL3*0040202,KIR3DL3*0040202
KIR3DL2*137,KIR3DL2*0070112,KIR3DL3*00802,KIR3DL3*0010201
KIR3DL2*01001,KIR3DL2*0070113,KIR3DL3*0030105,KIR3DL3*0070102
KIR3DL2*0010107,KIR3DL2*129N,KIR3DL3*0090101,KIR3DL3*0070104
KIR3DL2*0010104,KIR3DL2*0020105,KIR3DL3*099,KIR3DL3*0040202
KIR3DL2*0070114,KIR3DL2*0010111,KIR3DL3*012,KIR3DL3*0040202
KIR3DL2*0020105,KIR3DL2*00903,KIR3DL3*0040202,KIR3DL3*02701
KIR3DL2*0090102,KIR3DL2*127,KIR3DL3*0020202,KIR3DL3*0040202
KIR3DL2*0070106,KIR3DL2*0080101,KIR3DL3*02701,KIR3DL3*0030112
KIR3DL2*01001,KIR3DL2*0020102,KIR3DL3*0020202,KIR3DL3*099
KIR3DL2*0010109,KIR3DL2*127,KIR3DL3*01001,KIR3DL3*0140206
KIR3DL2*0030102,KIR3DL2*0010301,KIR3DL3*0090101,KIR3DL3*0410103
KIR3DL2*124,KIR3DL2*0070106,KIR3DL3*0250101,KIR3DL3*0010102
KIR3DL2*1350102,KIR3DL2*0050102,KIR3DL3*0030112,KIR3DL3*1090101
KIR3DL2*0010109,KIR3DL2*0020102,KIR3DL3*0020202,KIR3DL3*0090101
KIR3DL2*1390101,KIR3DL2*0020102,KIR3DL3*02701,KIR3DL3*0090101
KIR3DL2*0090102,KIR3DL2*0010301,KIR3DL3*0020701,KIR3DL3*0040202
KIR3DL2*1350102,KIR3DL2*00903,KIR3DL3*0090101,KIR3DL3*0020603
KIR3DL2*01001,KIR3DL2*0020110,KIR3DL3*0140206,KIR3DL3*02701
KIR3DL2*124,KIR3DL2*1350102,KIR3DL3*0030112,KIR3DL3*02802
KIR3DL2*131N,KIR3DL2*127,KIR3DL3*02702,KIR3DL3*0090101
KIR3DL2*0010104,KIR3DL2*0010301,KIR3DL3*0020204,KIR3DL3*0090101
KIR3DL2*0010101,KIR3DL2*023,KIR3DL3*012,KIR3DL3*099
KIR3DL2*0020102,KIR3DL2*127,KIR3DL3*012,KIR3DL3*0030105
KIR3DL2*0030102,KIR3DL2*0050102,KIR3DL3*012,KIR3DL3*01302
KIR3DL2*0010303,KIR3DL2*0020102,KIR3DL3*012,KIR3DL3*01701
KIR3DL2*0010104,KIR3DL2*127,KIR3DL3*02701,KIR3DL3*01302
KIR3DL2*124,KIR3DL2*0010111,KIR3DL3*0040202,KIR3DL3*0030112
KIR3DL2*0020102,KIR3DL2*127,KIR3DL3*00902,KIR3DL3*0020202
KIR3DL2*0010109,KIR3DL2*1350102,KIR3DL3*0020202,KIR3DL3*012
KIR3DL2*0010304,KIR3DL2*00903,KIR3DL3*0090101,KIR3DL3*0140203
KIR3DL2*124,KIR3DL2*0010109,KIR3DL3*0020202,KIR3DL3*0040201
KIR3DL2*131N,KIR3DL2*0020114,KIR3DL3*0140203,KIR3DL3*02702
KIR3DL2*0010109,KIR3DL2*0020112,KIR3DL3*0020202,KIR3DL3*00801
KIR3DL2*123,KIR3DL2*127,KIR3DL3*0090101,KIR3DL3*0040201
KIR3DL2*0010104,KIR3DL2*127,KIR3DL3*0250101,KIR3DL3*01503
KIR3DL2*143Q,KIR3DL2*0070112,KIR3DL3*01001,KIR3DL3*012
KIR3DL2*023,KIR3DL2*0010304,KIR3DL3*0090101,KIR3DL3*02701
KIR3DL2*127,KIR3DL2*129N,KIR3DL3*01302,KIR3DL3*00902
KIR3DL2*0010301,KIR3DL2*0070102,KIR3DL3*012,KIR3DL3*01302
KIR3DL2*127,KIR3DL2*0010305,KIR3DL3*0090107,KIR3DL3*0030112
KIR3DL2*00903,KIR3DL2*0010110,KIR3DL3*0030105,KIR3DL3*0020202
KIR3DL2*0050102,KIR3DL2*127,KIR3DL3*0020202,KIR3DL3*02702
KIR3DL2*0010104,KIR3DL2*01001,KIR3DL3*0040202,KIR3DL3*099
KIR3DL2*1350102,KIR3DL2*0010301,KIR3DL3*0020202,KIR3DL3*0030112
KIR3DL2*0050101,KIR3DL2*127,KIR3DL3*012,KIR3DL3*0410103
KIR3DL2*0071202,KIR3DL2*0010301,KIR3DL3*0090101,KIR3DL3*0010101
KIR3DL2*0010107,KIR3DL2*0010303,KIR3DL3*0030112,KIR3DL3*0070103
KIR3DL2*0020113,KIR3DL2*0050102,KIR3DL3*0090101,KIR3DL3*01701
KIR3DL2*124,KIR3DL2*127,KIR3DL3*02701,KIR3DL3*012
KIR3DL2*137,KIR3DL2*1250102,KIR3DL3*0090101,KIR3DL3*0140203
KIR3DL2*0010104,KIR3DL2*0010304,KIR3DL3*0030105,KIR3DL3*0090101
KIR3DL2*00903,KIR3DL2*1390101,KIR3DL3*0030112,KIR3DL3*0090103
KIR3DL2*0090101,KIR3DL2*0010304,KIR3DL3*0140203,KIR3DL3*02702
KIR3DL2*0050102,KIR3DL2*0010301,KIR3DL3*0090101,KIR3DL3*0040202
KIR3DL2*127,KIR3DL2*0010111,KIR3DL3*0040201,KIR3DL3*01004
KIR3DL2*0010104,KIR3DL2*127,KIR3DL3*01701,KIR3DL3*0030106
KIR3DL2*119,KIR3DL2*136,KIR3DL3*0250101,KIR3DL3*0140202
KIR3DL2*0010104,KIR3DL2*137,KIR3DL3*0020202,KIR3DL3*0030104
KIR3DL2*023,KIR3DL2*137,KIR3DL3*02701,KIR3DL3*0040202
KIR3DL2*0010104,KIR3DL2*00903,KIR3DL3*012,KIR3DL3*01701
KIR3DL2*127,KIR3DL2*0010303,KIR3DL3*0090101,KIR3DL3*012
KIR3DL2*0020105,KIR3DL2*124,KIR3DL3*0140203,KIR3DL3*0040201
KIR3DL2*023,KIR3DL2*0020102,KIR3DL3*0030112,KIR3DL3*0090101
KIR3DL2*0010104,KIR3DL2*0020102,KIR3DL3*0140206,KIR3DL3*0140202
KIR3DL2*129N,KIR3DL2*137,KIR3DL3*0030112,KIR3DL3*012
KIR3DL2*00903,KIR3DL2*0010304,KIR3DL3*0020701,KIR3DL3*012
KIR3DL2*0010104,KIR3DL2*0010304,KIR3DL3*0090101,KIR3DL3*012
KIR3DL2*0030102,KIR3DL2*0020102,KIR3DL3*0020202,KIR3DL3*0020701
KIR3DL2*0020102,KIR3DL2*0090101,KIR3DL3*02702,KIR3DL3*0140203
KIR3DL2*0010301,KIR3DL2*0010109,KIR3DL3*0090103,KIR3DL3*01302
KIR3DL2*0010301,KIR3DL2*137,KIR3DL3*0140202,KIR3DL3*0020701
KIR3DL2*0010104,KIR3DL2*0020102,KIR3DL3*0090101,KIR3DL3*0410103
KIR3DL2*00903,KIR3DL2*0070108,KIR3DL3*0090101,KIR3DL3*0020203
KIR3DL2*124,KIR3DL2*0010304,KIR3DL3*0140206,KIR3DL3*012
KIR3DL2*1250102,KIR3DL2*0020104,KIR3DL3*0040201,KIR3DL3*0090101
KIR3DL2*0010111,KIR3DL2*0020102,KIR3DL3*0090101,KIR3DL3*012
KIR3DL2*123,KIR3DL2*0010303,KIR3DL3*0030105,KIR3DL3*01701
KIR3DL2*0010104,KIR3DL2*0010304,KIR3DL3*0020202,KIR3DL3*0020202
KIR3DL2*0010104,KIR3DL2*0010111,KIR3DL3*0090101,KIR3DL3*0030106
KIR3DL2*0050101,KIR3DL2*127,KIR3DL3*02701,KIR3DL3*02701
KIR3DL2*1350102,KIR3DL2*0010304,KIR3DL3*012,KIR3DL3*0140203
KIR3DL2*0010104,KIR3DL2*124,KIR3DL3*0030112,KIR3DL3*0140203
KIR3DL2*1390102,KIR3DL2*0020113,KIR3DL3*0090101,KIR3DL3*0030112
KIR3DL2*023,KIR3DL2*0030102,KIR3DL3*012,KIR3DL3*0090101
KIR3DL2*056,KIR3DL2*0010111,KIR3DL3*0090101,KIR3DL3*00801
KIR3DL2*124,KIR3DL2*0070102,KIR3DL3*0140206,KIR3DL3*0030112
KIR3DL2*131N,KIR3DL2*123,KIR3DL3*0090101,KIR3DL3*02701
KIR3DL2*0050102,KIR3DL2*131N,KIR3DL3*0090101,KIR3DL3*0040201
KIR3DL2*0010104,KIR3DL2*0020102,KIR3DL3*0040202,KIR3DL3*0020603
KIR3DL2*0010111,KIR3DL2*023,KIR3DL3*0090101,KIR3DL3*036
KIR3DL2*0010109,KIR3DL2*1350102,KIR3DL3*0410103,KIR3DL3*106
KIR3DL2*0020102,KIR3DL2*131N,KIR3DL3*01001,KIR3DL3*005
KIR3DL2*0071202,KIR3DL2*0080101,KIR3DL3*0030112,KIR3DL3*0060101
KIR3DL2*0020113,KIR3DL2*0070106,KIR3DL3*0140204,KIR3DL3*099
KIR3DL2*0070106,KIR3DL2*137,KIR3DL3*0040201,KIR3DL3*0030112
KIR3DL2*128,KIR3DL2*0070105,KIR3DL3*0030105,KIR3DL3*0090101
KIR3DL2*129N,KIR3DL2*0070106,KIR3DL3*0020604,KIR3DL3*01001
KIR3DL2*137,KIR3DL2*0020112,KIR3DL3*0090101,KIR3DL3*0030112
KIR3DL2*0010104,KIR3DL2*0090102,KIR3DL3*00902,KIR3DL3*0140203
KIR3DL2*0070106,KIR3DL2*137,KIR3DL3*0030112,KIR3DL3*04801
KIR3DL2*0010107,KIR3DL2*056,KIR3DL3*0010202,KIR3DL3*0040203
KIR3DL2*0071202,KIR3DL2*123,KIR3DL3*0030105,KIR3DL3*0030107
KIR3DL2*0090102,KIR3DL2*0010301,KIR3DL3*01701,KIR3DL3*102
KIR3DL2*137,KIR3DL2*0010102,KIR3DL3*0020702,KIR3DL3*0040202
KIR3DL2*0070111,KIR3DL2*01001,KIR3DL3*019,KIR3DL3*0030103
KIR3DL2*0010107,KIR3DL2*0020114,KIR3DL3*00602,KIR3DL3*0030112
KIR3DL2*129N,KIR3DL2*0010109,KIR3DL3*00902,KIR3DL3*0060101
KIR3DL2*0070106,KIR3DL2*0080103,KIR3DL3*0030112,KIR3DL3*100
KIR3DL2*0010301,KIR3DL2*00503,KIR3DL3*02802,KIR3DL3*0020701
KIR3DL2*0020105,KIR3DL2*0010101,KIR3DL3*0010101,KIR3DL3*036
KIR3DL2*0030102,KIR3DL2*0010301,KIR3DL3*0090101,KIR3DL3*0060103
KIR3DL2*0070106,KIR3DL2*0090101,KIR3DL3*0030112,KIR3DL3*0140206
KIR3DL2*137,KIR3DL2*0020104,KIR3DL3*0030106,KIR3DL3*01413
KIR3DL2*0070110,KIR3DL2*0020113,KIR3DL3*01303,KIR3DL3*0040201
KIR3DL2*0020109,KIR3DL2*0071202,KIR3DL3*0020702,KIR3DL3*0030105
KIR3DL2*0020110,KIR3DL2*0071202,KIR3DL3*00902,KIR3DL3*04801
KIR3DL2*1350102,KIR3DL2*0070114,KIR3DL3*0030112,KIR3DL3*0030103
KIR3DL2*0070112,KIR3DL2*0020101,KIR3DL3*00602,KIR3DL3*036
KIR3DL2*0010104,KIR3DL2*0020105,KIR3DL3*01001,KIR3DL3*0090101
KIR3DL2*0020113,KIR3DL2*0020109,KIR3DL3*0010103,KIR3DL3*0020604
KIR3DL2*0070106,KIR3DL2*0071202,KIR3DL3*0030112,KIR3DL3*00902
KIR3DL2*0010101,KIR3DL2*124,KIR3DL3*0010101,KIR3DL3*04801
KIR3DL2*0090102,KIR3DL2*137,KIR3DL3*0090101,KIR3DL3*04802
KIR3DL2*0020114,KIR3DL2*0090102,KIR3DL3*0030112,KIR3DL3*01701
KIR3DL2*0020113,KIR3DL2*0010109,KIR3DL3*0010102,KIR3DL3*0040201
KIR3DL2*0070111,KIR3DL2*0020105,KIR3DL3*0140205,KIR3DL3*00902
KIR3DL2*0080101,KIR3DL2*1350102,KIR3DL3*0030112,KIR3DL3*0090107
KIR3DL2*0020113,KIR3DL2*023,KIR3DL3*0030104,KIR3DL3*0410103
KIR3DL2*0020105,KIR3DL2*0010303,KIR3DL3*0030106,KIR3DL3*0140204
KIR3DL2*0010104,KIR3DL2*0010304,KIR3DL3*0030112,KIR3DL3*0140203
KIR3DL2*0090102,KIR3DL2*0010101,KIR3DL3*0030112,KIR3DL3*10802
KIR3DL2*0070106,KIR3DL2*0050101,KIR3DL3*02701,KIR3DL3*0140206
KIR3DL2*0020105,KIR3DL2*0070114,KIR3DL3*0020604,KIR3DL3*0090101
KIR3DL2*0020105,KIR3DL2*0070106,KIR3DL3*019,KIR3DL3*0020602
KIR3DL2*1350102,KIR3DL2*0080101,KIR3DL3*0060101,KIR3DL3*0070103
KIR3DL2*0010110,KIR3DL2*0020113,KIR3DL3*01001,KIR3DL3*00602
KIR3DL2*0070106,KIR3DL2*0020102,KIR3DL3*01001,KIR3DL3*100
KIR3DL2*0020108,KIR3DL2*0070106,KIR3DL3*0070103,KIR3DL3*0020202
KIR3DL2*0071202,KIR3DL2*0050102,KIR3DL3*0010202,KIR3DL3*02802
KIR3DL2*0020105,KIR3DL2*137,KIR3DL3*00602,KIR3DL3*0030112
KIR3DL2*137,KIR3DL2*0010304,KIR3DL3*0030112,KIR3DL3*0030112
KIR3DL2*0010104,KIR3DL2*0070106,KIR3DL3*0010101,KIR3DL3*0030112
KIR3DL2*0070106,KIR3DL2*1180101,KIR3DL3*0030112,KIR3DL3*0020204
KIR3DL2*0020105,KIR3DL2*0070106,KIR3DL3*0140203,KIR3DL3*036
KIR3DL2*01001,KIR3DL2*0010301,KIR3DL3*0090101,KIR3DL3*0010202
KIR3DL2*0010101,KIR3DL2*0071202,KIR3DL3*0060101,KIR3DL3*01302
KIR3DL2*1250102,KIR3DL2*0050101,KIR3DL3*0010104,KIR3DL3*0030112
KIR3DL2*0070106,KIR3DL2*0070106,KIR3DL3*0090101,KIR3DL3*0010101
KIR3DL2*0010107,KIR3DL2*137,KIR3DL3*0030112,KIR3DL3*019
KIR3DL2*0010109,KIR3DL2*0020105,KIR3DL3*0010104,KIR3DL3*0090101
KIR3DL2*0010304,KIR3DL2*1350102,KIR3DL3*0010101,KIR3DL3*0040201
KIR3DL2*0010104,KIR3DL2*01001,KIR3DL3*0030105,KIR3DL3*099
KIR3DL2*0070106,KIR3DL2*0020102,KIR3DL3*0030103,KIR3DL3*0020702
KIR3DL2*0070106,KIR3DL2*0080103,KIR3DL3*0030103,KIR3DL3*0020603
KIR3DL2*0050101,KIR3DL2*01001,KIR3DL3*0140201,KIR3DL3*0030112
KIR3DL2*141N,KIR3DL2*0070106,KIR3DL3*0140205,KIR3DL3*0020102
KIR3DL2*0020105,KIR3DL2*0071202,KIR3DL3*0020702,KIR3DL3*0040204
KIR3DL2*01001,KIR3DL2*0070106,KIR3DL3*04801,KIR3DL3*0030103
KIR3DL2*0090101,KIR3DL2*0010304,KIR3DL3*0070103,KIR3DL3*01701
KIR3DL2*0010105,KIR3DL2*0070106,KIR3DL3*01001,KIR3DL3*036
KIR3DL2*0090102,KIR3DL2*0070102,KIR3DL3*00902,KIR3DL3*0010101
KIR3DL2*0070110,KIR3DL2*023,KIR3DL3*0030103,KIR3DL3*100
KIR3DL2*0071202,KIR3DL2*0080101,KIR3DL3*0010101,KIR3DL3*01001
KIR3DL2*0020105,KIR3DL2*137,KIR3DL3*00902,KIR3DL3*0010101
KIR3DL2*01001,KIR3DL2*0010302,KIR3DL3*0090103,KIR3DL3*0030112
KIR3DL2*0070106,KIR3DL2*132,KIR3DL3*0090101,KIR3DL3*0020701
KIR3DL2*0070106,KIR3DL2*0010301,KIR3DL3*0020602,KIR3DL3*0010101
KIR3DL2*0080101,KIR3DL2*0070108,KIR3DL3*0030112,KIR3DL3*00902
KIR3DL2*0020105,KIR3DL2*0070106,KIR3DL3*0010101,KIR3DL3*01701
KIR3DL2*0090102,KIR3DL2*01005,KIR3DL3*00902,KIR3DL3*0030106
KIR3DL2*0020113,KIR3DL2*137,KIR3DL3*0070103,KIR3DL3*0090101
KIR3DL2*0020113,KIR3DL2*01001,KIR3DL3*01701,KIR3DL3*0020202
KIR3DL2*0080101,KIR3DL2*0020101,KIR3DL3*0090101,KIR3DL3*0020701
KIR3DL2*137,KIR3DL2*0020113,KIR3DL3*099,KIR3DL3*0090103
KIR3DL2*0071202,KIR3DL2*137,KIR3DL3*0090101,KIR3DL3*0070102
KIR3DL2*0010109,KIR3DL2*0020113,KIR3DL3*0090101,KIR3DL3*02701
KIR3DL2*137,KIR3DL2*0070111,KIR3DL3*0010101,KIR3DL3*005
KIR3DL2*0070111,KIR3DL2*056,KIR3DL3*0020202,KIR3DL3*099
KIR3DL2*128,KIR3DL2*0070105,KIR3DL3*036,KIR3DL3*0030102
KIR3DL2*01001,KIR3DL2*0020106,KIR3DL3*0010101,KIR3DL3*0060101
KIR3DL2*0010104,KIR3DL2*137,KIR3DL3*02702,KIR3DL3*0010102
KIR3DL2*0010109,KIR3DL2*0071202,KIR3DL3*0030112,KIR3DL3*0020702
KIR3DL2*137,KIR3DL2*129N,KIR3DL3*00902,KIR3DL3*099
KIR3DL2*0020105,KIR3DL2*0070108,KIR3DL3*0010102,KIR3DL3*0030112
KIR3DL2*0020105,KIR3DL2*0071202,KIR3DL3*0030112,KIR3DL3*01004
KIR3DL2*0020105,KIR3DL2*01001,KIR3DL3*0030105,KIR3DL3*019
KIR3DL2*137,KIR3DL2*0071202,KIR3DL3*0010101,KIR3DL3*0030105
KIR3DL2*0070103,KIR3DL2*00202,KIR3DL3*0060101,KIR3DL3*0030112
KIR3DL2*0010107,KIR3DL2*0070106,KIR3DL3*0140203,KIR3DL3*0030112
KIR3DL2*0010303,KIR3DL2*0010304,KIR3DL3*01001,KIR3DL3*0020101
KIR3DL2*0010304,KIR3DL2*124,KIR3DL3*01701,KIR3DL3*080N
KIR3DL2*0070106,KIR3DL2*137,KIR3DL3*0010101,KIR3DL3*019
KIR3DL2*01001,KIR3DL2*0010104,KIR3DL3*0020602,KIR3DL3*0010101
KIR3DL2*0070102,KIR3DL2*0010107,KIR3DL3*0040203,KIR3DL3*0030112
KIR3DL2*0090101,KIR3DL2*0070113,KIR3DL3*0020702,KIR3DL3*103
KIR3DL2*0030102,KIR3DL2*0070106,KIR3DL3*0060101,KIR3DL3*01302
KIR3DL2*1180101,KIR3DL2*0070106,KIR3DL3*0030112,KIR3DL3*0030106
KIR3DL2*0010305,KIR3DL2*0071202,KIR3DL3*0070103,KIR3DL3*099
KIR3DL2*0020105,KIR3DL2*0070106,KIR3DL3*01001,KIR3DL3*099
KIR3DL2*0070110,KIR3DL2*0070110,KIR3DL3*0010104,KIR3DL3*0030112
KIR3DL2*0070102,KIR3DL2*137,KIR3DL3*01001,KIR3DL3*0410103
KIR3DL2*0020113,KIR3DL2*01001,KIR3DL3*00902,KIR3DL3*00801
KIR3DL2*1220102,KIR3DL2*0070111,KIR3DL3*0010101,KIR3DL3*080N
KIR3DL2*0070106,KIR3DL2*01001,KIR3DL3*0030112,KIR3DL3*0030106
KIR3DL2*0020105,KIR3DL2*00206,KIR3DL3*0090104,KIR3DL3*0030112
KIR3DL2*0070106,KIR3DL2*0010303,KIR3DL3*080N,KIR3DL3*0030112
KIR3DL2*0010102,KIR3DL2*0070110,KIR3DL3*0030112,KIR3DL3*100
KIR3DL2*0030102,KIR3DL2*0071202,KIR3DL3*0030105,KIR3DL3*0030112
KIR3DL2*0020113,KIR3DL2*0080101,KIR3DL3*00902,KIR3DL3*0070104
KIR3DL2*0090101,KIR3DL2*0070106,KIR3DL3*0010202,KIR3DL3*0030103
KIR3DL2*0070106,KIR3DL2*0080103,KIR3DL3*01001,KIR3DL3*0030112
KIR3DL2*0071202,KIR3DL2*01001,KIR3DL3*099,KIR3DL3*01502
KIR3DL2*0090102,KIR3DL2*0071202,KIR3DL3*0030112,KIR3DL3*0070102
KIR3DL2*131N,KIR3DL2*0071201,KIR3DL3*0030112,KIR3DL3*0020202
KIR3DL2*0020105,KIR3DL2*0070102,KIR3DL3*0030112,KIR3DL3*02802
KIR3DL2*0020105,KIR3DL2*0010304,KIR3DL3*0090105,KIR3DL3*104
KIR3DL2*129N,KIR3DL2*0090102,KIR3DL3*0020702,KIR3DL3*0010101
KIR3DL2*0010304,KIR3DL2*0180102,KIR3DL3*0010201,KIR3DL3*0140205
KIR3DL2*0010104,KIR3DL2*137,KIR3DL3*0020702,KIR3DL3*0040201
KIR3DL2*0050102,KIR3DL2*0020101,KIR3DL3*0010101,KIR3DL3*0070104
KIR3DL2*0020108,KIR3DL2*0010304,KIR3DL3*0030105,KIR3DL3*01004
KIR3DL2*0070110,KIR3DL2*0050102,KIR3DL3*01002,KIR3DL3*00105
KIR3DL2*0090101,KIR3DL2*0050102,KIR3DL3*0030112,KIR3DL3*01004
KIR3DL2*0020110,KIR3DL2*0180102,KIR3DL3*0140205,KIR3DL3*0020701
KIR3DL2*137,KIR3DL2*0020110,KIR3DL3*00801,KIR3DL3*0030112
KIR3DL2*0050101,KIR3DL2*0030102,KIR3DL3*0090106,KIR3DL3*02703
KIR3DL2*0010301,KIR3DL2*0050102,KIR3DL3*0020602,KIR3DL3*0010101
KIR3DL2*0010302,KIR3DL2*00903,KIR3DL3*01701,KIR3DL3*0060101
KIR3DL2*0020109,KIR3DL2*0070102,KIR3DL3*0010104,KIR3DL3*0030103
KIR3DL2*0090102,KIR3DL2*0020101,KIR3DL3*0030105,KIR3DL3*095
KIR3DL2*056,KIR3DL2*0010301,KIR3DL3*0010201,KIR3DL3*0030103
KIR3DL2*0010304,KIR3DL2*1350102,KIR3DL3*0020202,KIR3DL3*0020204
KIR3DL2*00903,KIR3DL2*0070102,KIR3DL3*0010201,KIR3DL3*01303
KIR3DL2*0020108,KIR3DL2*0070112,KIR3DL3*0030103,KIR3DL3*0250101
KIR3DL2*0070112,KIR3DL2*0050102,KIR3DL3*0010101,KIR3DL3*0010102
KIR3DL2*0010301,KIR3DL2*0020113,KIR3DL3*0010104,KIR3DL3*0010101
KIR3DL2*0020110,KIR3DL2*01005,KIR3DL3*00902,KIR3DL3*0040202
KIR3DL2*0050102,KIR3DL2*0010107,KIR3DL3*0030105,KIR3DL3*103
KIR3DL2*0010301,KIR3DL2*0070106,KIR3DL3*0020202,KIR3DL3*0030112
KIR3DL2*0010102,KIR3DL2*0020108,KIR3DL3*0070102,KIR3DL3*0410103
KIR3DL2*0180102,KIR3DL2*01101,KIR3DL3*0090101,KIR3DL3*0140205
KIR3DL2*0010304,KIR3DL2*0010102,KIR3DL3*0070102,KIR3DL3*0010201
KIR3DL2*0010107,KIR3DL2*0020108,KIR3DL3*0140206,KIR3DL3*0410103
KIR3DL2*01101,KIR3DL2*0070110,KIR3DL3*0140205,KIR3DL3*10802
KIR3DL2*0180102,KIR3DL2*00205,KIR3DL3*0010201,KIR3DL3*0010101
KIR3DL2*0050101,KIR3DL2*0090102,KIR3DL3*0060101,KIR3DL3*0010102
KIR3DL2*124,KIR3DL2*0050102,KIR3DL3*0030112,KIR3DL3*0090101
KIR3DL2*137,KIR3DL2*0010106,KIR3DL3*0010104,KIR3DL3*0020202
KIR3DL2*0090101,KIR3DL2*00110,KIR3DL3*0020602,KIR3DL3*019
KIR3DL2*0010104,KIR3DL2*0020102,KIR3DL3*0090101,KIR3DL3*0030103
KIR3DL2*0010104,KIR3DL2*00205,KIR3DL3*0010101,KIR3DL3*0070102
KIR3DL2*0070106,KIR3DL2*137,KIR3DL3*0060103,KIR3DL3*0140206
KIR3DL2*0050101,KIR3DL2*00206,KIR3DL3*0030112,KIR3DL3*0010102
KIR3DL2*0010305,KIR3DL2*123,KIR3DL3*0040202,KIR3DL3*02701
KIR3DL2*137,KIR3DL2*124,KIR3DL3*0040202,KIR3DL3*0020202
KIR3DL2*123,KIR3DL2*0010104,KIR3DL3*012,KIR3DL3*0090103
KIR3DL2*0010109,KIR3DL2*0010111,KIR3DL3*0030112,KIR3DL3*0020204
KIR3DL2*131N,KIR3DL2*145,KIR3DL3*01701,KIR3DL3*0020202
KIR3DL2*0010109,KIR3DL2*0020105,KIR3DL3*012,KIR3DL3*0020202
KIR3DL2*137,KIR3DL2*1390102,KIR3DL3*0140203,KIR3DL3*036
KIR3DL2*0020109,KIR3DL2*124,KIR3DL3*01002,KIR3DL3*0030105
KIR3DL2*0020105,KIR3DL2*01001,KIR3DL3*00902,KIR3DL3*00602
KIR3DL2*1350102,KIR3DL2*130,KIR3DL3*00902,KIR3DL3*01002
KIR3DL2*0020113,KIR3DL2*00205,KIR3DL3*00802,KIR3DL3*01004
KIR3DL2*129N,KIR3DL2*0020105,KIR3DL3*01002,KIR3DL3*01001
KIR3DL2*129N,KIR3DL2*0070106,KIR3DL3*099,KIR3DL3*01002
KIR3DL2*0020106,KIR3DL2*0070102,KIR3DL3*099,KIR3DL3*00802
KIR3DL2*0070106,KIR3DL2*0080101,KIR3DL3*01303,KIR3DL3*04801
KIR3DL2*0020113,KIR3DL2*0020113,KIR3DL3*01001,KIR3DL3*0040202
KIR3DL2*0070106,KIR3DL2*129N,KIR3DL3*01002,KIR3DL3*00902
KIR3DL2*127,KIR3DL2*0010109,KIR3DL3*01001,KIR3DL3*0090101
KIR3DL2*0070106,KIR3DL2*0080101,KIR3DL3*04801,KIR3DL3*01502
KIR3DL2*0020113,KIR3DL2*0020113,KIR3DL3*01002,KIR3DL3*099
KIR3DL2*129N,KIR3DL2*0010304,KIR3DL3*01001,KIR3DL3*01002
KIR3DL2*01001,KIR3DL2*0020105,KIR3DL3*0040201,KIR3DL3*01001
KIR3DL2*0020113,KIR3DL2*0020103,KIR3DL3*0010101,KIR3DL3*01001
KIR3DL2*01005,KIR3DL2*129N,KIR3DL3*01002,KIR3DL3*099
KIR3DL2*129N,KIR3DL2*0020102,KIR3DL3*00801,KIR3DL3*04802
KIR3DL2*129N,KIR3DL2*126,KIR3DL3*01002,KIR3DL3*01001
KIR3DL2*0020109,KIR3DL2*0020113,KIR3DL3*01002,KIR3DL3*00801
KIR3DL2*129N,KIR3DL2*0020105,KIR3DL3*0090101,KIR3DL3*01001
KIR3DL2*0020113,KIR3DL2*0070102,KIR3DL3*00902,KIR3DL3*0030105
KIR3DL2*0020105,KIR3DL2*0070112,KIR3DL3*099,KIR3DL3*00902
KIR3DL2*0020111,KIR3DL2*0020108,KIR3DL3*01002,KIR3DL3*01001
KIR3DL2*0020105,KIR3DL2*0010301,KIR3DL3*01002,KIR3DL3*01001
KIR3DL2*0020109,KIR3DL2*128,KIR3DL3*01002,KIR3DL3*0040201
KIR3DL2*0020113,KIR3DL2*0050102,KIR3DL3*0010101,KIR3DL3*099
KIR3DL2*0020105,KIR3DL2*0080101,KIR3DL3*0010101,KIR3DL3*01004
KIR3DL2*0020114,KIR3DL2*0020105,KIR3DL3*00802,KIR3DL3*01004
KIR3DL2*0020113,KIR3DL2*0080101,KIR3DL3*01001,KIR3DL3*02702
KIR3DL2*0020113,KIR3DL2*0070106,KIR3DL3*0090101,KIR3DL3*01001
KIR3DL2*1350102,KIR3DL2*0080101,KIR3DL3*01502,KIR3DL3*099
KIR3DL2*1350102,KIR3DL2*0020105,KIR3DL3*01001,KIR3DL3*106
KIR3DL2*0020105,KIR3DL2*01001,KIR3DL3*01001,KIR3DL3*099
KIR3DL2*0020113,KIR3DL2*0070102,KIR3DL3*01001,KIR3DL3*01001
KIR3DL2*0020114,KIR3DL2*01001,KIR3DL3*00802,KIR3DL3*04801
KIR3DL2*0020102,KIR3DL2*127,KIR3DL3*0020202,KIR3DL3*0040201
KIR3DL2*0050102,KIR3DL2*131N,KIR3DL3*0040201,KIR3DL3*02702
KIR3DL2*131N,KIR3DL2*0050101,KIR3DL3*0040201,KIR3DL3*0020701
KIR3DL2*0010104,KIR3DL2*127,KIR3DL3*0040202,KIR3DL3*012
KIR3DL2*124,KIR3DL2*0050101,KIR3DL3*0030112,KIR3DL3*01502
KIR3DL2*023,KIR3DL2*0020102,KIR3DL3*0090101,KIR3DL3*01701
KIR3DL2*0030102,KIR3DL2*0020102,KIR3DL3*02701,KIR3DL3*0040202
KIR3DL2*023,KIR3DL2*0010301,KIR3DL3*02701,KIR3DL3*0090101
KIR3DL2*129N,KIR3DL2*0010302,KIR3DL3*0010101,KIR3DL3*0040201
KIR3DL2*129N,KIR3DL2*00903,KIR3DL3*01001,KIR3DL3*00801
KIR3DL2*0020105,KIR3DL2*137,KIR3DL3*00801,KIR3DL3*01001
KIR3DL2*0020113,KIR3DL2*0020113,KIR3DL3*01004,KIR3DL3*00801
KIR3DL2*0020105,KIR3DL2*1200101,KIR3DL3*01002,KIR3DL3*01001
KIR3DL2*01001,KIR3DL2*0050102,KIR3DL3*01001,KIR3DL3*0060101
KIR3DL2*133,KIR3DL2*0020109,KIR3DL3*0090101,KIR3DL3*0060101
KIR3DL2*0020113,KIR3DL2*0020102,KIR3DL3*0060101,KIR3DL3*00602
KIR3DL2*1350102,KIR3DL2*0080101,KIR3DL3*01004,KIR3DL3*04801
KIR3DL2*00903,KIR3DL2*01001,KIR3DL3*01002,KIR3DL3*00801
KIR3DL2*01001,KIR3DL2*0020113,KIR3DL3*01001,KIR3DL3*04801
KIR3DL2*0080101,KIR3DL2*0080103,KIR3DL3*01001,KIR3DL3*0010202
KIR3DL2*0020113,KIR3DL2*1390102,KIR3DL3*01001,KIR3DL3*0250101
KIR3DL2*129N,KIR3DL2*137,KIR3DL3*00902,KIR3DL3*0090101
KIR3DL2*0020113,KIR3DL2*0020101,KIR3DL3*00902,KIR3DL3*00801
KIR3DL2*129N,KIR3DL2*0070102,KIR3DL3*0090101,KIR3DL3*01004
KIR3DL2*0020112,KIR3DL2*0080103,KIR3DL3*00802,KIR3DL3*0010202
KIR3DL2*0080101,KIR3DL2*0070106,KIR3DL3*01002,KIR3DL3*01001
KIR3DL2*0020113,KIR3DL2*0010301,KIR3DL3*01001,KIR3DL3*0010101
KIR3DL2*0020103,KIR3DL2*0020102,KIR3DL3*01002,KIR3DL3*0040201
KIR3DL2*0020114,KIR3DL2*0020109,KIR3DL3*01002,KIR3DL3*01001
KIR3DL2*0070106,KIR3DL2*0020113,KIR3DL3*04802,KIR3DL3*0030103
KIR3DL2*0020113,KIR3DL2*0010301,KIR3DL3*0060101,KIR3DL3*01002
KIR3DL2*0020113,KIR3DL2*0070106,KIR3DL3*099,KIR3DL3*0060103
KIR3DL2*0010304,KIR3DL2*127,KIR3DL3*0090107,KIR3DL3*106
KIR3DL2*0010104,KIR3DL2*0020102,KIR3DL3*02702,KIR3DL3*0020701
KIR3DL2*0010104,KIR3DL2*0020102,KIR3DL3*0090101,KIR3DL3*01001
KIR3DL2*056,KIR3DL2*131N,KIR3DL3*0140203,KIR3DL3*0020202
KIR3DL2*0050102,KIR3DL2*131N,KIR3DL3*0090101,KIR3DL3*036
KIR3DL2*131N,KIR3DL2*0071301,KIR3DL3*02702,KIR3DL3*0140203
KIR3DL2*0090101,KIR3DL2*127,KIR3DL3*02701,KIR3DL3*0140202
KIR3DL2*0010109,KIR3DL2*023,KIR3DL3*036,KIR3DL3*0140202
KIR3DL2*0020105,KIR3DL2*0010305,KIR3DL3*01002,KIR3DL3*0090101
KIR3DL2*0020113,KIR3DL2*123,KIR3DL3*065,KIR3DL3*00902
KIR3DL2*0070106,KIR3DL2*0020113,KIR3DL3*0060101,KIR3DL3*04801
KIR3DL2*0020105,KIR3DL2*0070106,KIR3DL3*01001,KIR3DL3*01004
KIR3DL2*129N,KIR3DL2*1350102,KIR3DL3*01004,KIR3DL3*0070103
KIR3DL2*0020113,KIR3DL2*137,KIR3DL3*02702,KIR3DL3*0140204
KIR3DL2*0010111,KIR3DL2*128,KIR3DL3*012,KIR3DL3*0020202
KIR3DL2*137,KIR3DL2*0020111,KIR3DL3*01502,KIR3DL3*012
KIR3DL2*0010304,KIR3DL2*0010104,KIR3DL3*012,KIR3DL3*01302
KIR3DL2*0010109,KIR3DL2*131N,KIR3DL3*0030112,KIR3DL3*0040202
KIR3DL2*0090102,KIR3DL2*0010301,KIR3DL3*0020202,KIR3DL3*02702
KIR3DL2*0050102,KIR3DL2*137,KIR3DL3*036,KIR3DL3*0030106
KIR3DL2*0090101,KIR3DL2*0030102,KIR3DL3*0250101,KIR3DL3*0090103
KIR3DL2*0010303,KIR3DL2*0070101,KIR3DL3*0140203,KIR3DL3*0040202
KIR3DL2*131N,KIR3DL2*0010104,KIR3DL3*0140203,KIR3DL3*0090103
KIR3DL2*0070106,KIR3DL2*0050102,KIR3DL3*0140203,KIR3DL3*0140206
KIR3DL2*0010111,KIR3DL2*0020102,KIR3DL3*0020202,KIR3DL3*0040202
KIR3DL2*0020105,KIR3DL2*1200102,KIR3DL3*0090101,KIR3DL3*036
KIR3DL2*0020102,KIR3DL2*0070108,KIR3DL3*0020202,KIR3DL3*0020203
KIR3DL2*0010104,KIR3DL2*0010304,KIR3DL3*02701,KIR3DL3*0090105
KIR3DL2*0010301,KIR3DL2*023,KIR3DL3*0090101,KIR3DL3*036
KIR3DL2*124,KIR3DL2*01001,KIR3DL3*0030112,KIR3DL3*0040202
KIR3DL2*0010111,KIR3DL2*1390102,KIR3DL3*01001,KIR3DL3*0030112
KIR3DL2*0010304,KIR3DL2*124,KIR3DL3*0250101,KIR3DL3*0140202
KIR3DL2*023,KIR3DL2*0070102,KIR3DL3*0030112,KIR3DL3*01001
KIR3DL2*023,KIR3DL2*0020102,KIR3DL3*0090101,KIR3DL3*036
KIR3DL2*0010104,KIR3DL2*00202,KIR3DL3*0090101,KIR3DL3*0020202
KIR3DL2*0010301,KIR3DL2*123,KIR3DL3*0090101,KIR3DL3*02701
KIR3DL2*0010104,KIR3DL2*0030102,KIR3DL3*036,KIR3DL3*0030112
KIR3DL2*0010301,KIR3DL2*00903,KIR3DL3*0040202,KIR3DL3*036
KIR3DL2*0010104,KIR3DL2*0050101,KIR3DL3*0020202,KIR3DL3*012
KIR3DL2*127,KIR3DL2*0010301,KIR3DL3*0020701,KIR3DL3*0030106
KIR3DL2*0010104,KIR3DL2*0010301,KIR3DL3*0020202,KIR3DL3*036
KIR3DL2*0010104,KIR3DL2*137,KIR3DL3*0040201,KIR3DL3*0040202
KIR3DL2*0010107,KIR3DL2*00903,KIR3DL3*0410103,KIR3DL3*01001
KIR3DL2*023,KIR3DL2*0010305,KIR3DL3*0020701,KIR3DL3*0070101
KIR3DL2*00202,KIR3DL2*119,KIR3DL3*0020604,KIR3DL3*0410103
KIR3DL2*0010109,KIR3DL2*0020102,KIR3DL3*0020202,KIR3DL3*0030112
KIR3DL2*0010104,KIR3DL2*1350102,KIR3DL3*0090101,KIR3DL3*036
KIR3DL2*0030102,KIR3DL2*137,KIR3DL3*0250101,KIR3DL3*0020202
KIR3DL2*056,KIR3DL2*0020104,KIR3DL3*0020202,KIR3DL3*036
KIR3DL2*127,KIR3DL2*00202,KIR3DL3*0030105,KIR3DL3*0090101
KIR3DL2*0010104,KIR3DL2*056,KIR3DL3*0090101,KIR3DL3*036
KIR3DL2*1350102,KIR3DL2*00903,KIR3DL3*0020204,KIR3DL3*02702
KIR3DL2*1350102,KIR3DL2*0080101,KIR3DL3*0040202,KIR3DL3*00802
KIR3DL2*127,KIR3DL2*0010303,KIR3DL3*0040201,KIR3DL3*0410103
KIR3DL2*0010301,KIR3DL2*0020103,KIR3DL3*00902,KIR3DL3*036
KIR3DL2*0010107,KIR3DL2*133,KIR3DL3*00801,KIR3DL3*0070102
KIR3DL2*0020113,KIR3DL2*0020105,KIR3DL3*0030112,KIR3DL3*01002
KIR3DL2*0010304,KIR3DL2*0020110,KIR3DL3*0020202,KIR3DL3*0070102
KIR3DL2*01005,KIR3DL2*137,KIR3DL3*0090107,KIR3DL3*00902
KIR3DL2*0010104,KIR3DL2*00111,KIR3DL3*012,KIR3DL3*0070102
KIR3DL2*0070106,KIR3DL2*0080103,KIR3DL3*00902,KIR3DL3*0410103
KIR3DL2*137,KIR3DL2*01001,KIR3DL3*0030112,KIR3DL3*0010201
KIR3DL2*0070106,KIR3DL2*0070101,KIR3DL3*0030103,KIR3DL3*01001
KIR3DL2*0010109,KIR3DL2*023,KIR3DL3*0010104,KIR3DL3*02701
KIR3DL2*0010104,KIR3DL2*0020102,KIR3DL3*0030112,KIR3DL3*0010102
KIR3DL2*0050101,KIR3DL2*0080102,KIR3DL3*0030105,KIR3DL3*012
KIR3DL2*0030102,KIR3DL2*124,KIR3DL3*0020202,KIR3DL3*0040202
KIR3DL2*0030102,KIR3DL2*137,KIR3DL3*0090101,KIR3DL3*0020101
KIR3DL2*00202,KIR3DL2*0020111,KIR3DL3*0250101,KIR3DL3*0020603
KIR3DL2*128,KIR3DL2*124,KIR3DL3*0140206,KIR3DL3*0020202
KIR3DL2*0070106,KIR3DL2*1250102,KIR3DL3*00802,KIR3DL3*00902
KIR3DL2*129N,KIR3DL2*0070102,KIR3DL3*00902,KIR3DL3*02701
KIR3DL2*0010301,KIR3DL2*0070106,KIR3DL3*01701,KIR3DL3*0030112
KIR3DL2*0020101,KIR3DL2*0070106,KIR3DL3*01502,KIR3DL3*0040201
KIR3DL2*129N,KIR3DL2*0020102,KIR3DL3*00802,KIR3DL3*00801
KIR3DL2*0020110,KIR3DL2*0090102,KIR3DL3*00902,KIR3DL3*0020702
KIR3DL2*0070106,KIR3DL2*0010304,KIR3DL3*0030112,KIR3DL3*01002
KIR3DL2*0050101,KIR3DL2*0010301,KIR3DL3*019,KIR3DL3*0020701
KIR3DL2*0010301,KIR3DL2*0070108,KIR3DL3*0020602,KIR3DL3*0010104
KIR3DL2*0070106,KIR3DL2*0090101,KIR3DL3*0020604,KIR3DL3*0090106
KIR3DL2*0020113,KIR3DL2*0010301,KIR3DL3*00902,KIR3DL3*0040201
KIR3DL2*0070106,KIR3DL2*0010108,KIR3DL3*0030112,KIR3DL3*0090101
KIR3DL2*0020113,KIR3DL2*0070102,KIR3DL3*103,KIR3DL3*00902
KIR3DL2*01005,KIR3DL2*0020105,KIR3DL3*00802,KIR3DL3*00902
KIR3DL2*0010304,KIR3DL2*0020113,KIR3DL3*012,KIR3DL3*0040204
KIR3DL2*0020113,KIR3DL2*0050102,KIR3DL3*012,KIR3DL3*005
KIR3DL2*127,KIR3DL2*0010107,KIR3DL3*0410103,KIR3DL3*04802
KIR3DL2*0020102,KIR3DL2*123,KIR3DL3*0140204,KIR3DL3*100
KIR3DL2*0020107,KIR3DL2*0010110,KIR3DL3*0020701,KIR3DL3*0030104
KIR3DL2*00903,KIR3DL2*124,KIR3DL3*0020202,KIR3DL3*10701
KIR3DL2*00903,KIR3DL2*137,KIR3DL3*0020701,KIR3DL3*0010104
KIR3DL2*0010107,KIR3DL2*0010301,KIR3DL3*00802,KIR3DL3*0410103
KIR3DL2*0070110,KIR3DL2*0080101,KIR3DL3*0030112,KIR3DL3*012
KIR3DL2*0010111,KIR3DL2*127,KIR3DL3*0090101,KIR3DL3*02701
KIR3DL2*0050102,KIR3DL2*056,KIR3DL3*0020202,KIR3DL3*02702
KIR3DL2*0030102,KIR3DL2*0020102,KIR3DL3*012,KIR3DL3*0250101
KIR3DL2*0050102,KIR3DL2*0010301,KIR3DL3*01701,KIR3DL3*01502
KIR3DL2*0070102,KIR3DL2*0010304,KIR3DL3*0030112,KIR3DL3*0010201
KIR3DL2*0010111,KIR3DL2*0050101,KIR3DL3*01701,KIR3DL3*0140204
KIR3DL2*128,KIR3DL2*0070106,KIR3DL3*0040201,KIR3DL3*0030103
KIR3DL2*0020101,KIR3DL2*127,KIR3DL3*02701,KIR3DL3*0250101
KIR3DL2*0010304,KIR3DL2*0070102,KIR3DL3*0410103,KIR3DL3*0090106
KIR3DL2*0010109,KIR3DL2*0010301,KIR3DL3*01302,KIR3DL3*0070102
KIR3DL2*0010104,KIR3DL2*0070106,KIR3DL3*0010201,KIR3DL3*0250101
KIR3DL2*129N,KIR3DL2*0080103,KIR3DL3*0010101,KIR3DL3*065
KIR3DL2*137,KIR3DL2*0010301,KIR3DL3*0020202,KIR3DL3*005
KIR3DL2*144,KIR3DL2*0030102,KIR3DL3*0090103,KIR3DL3*0410103
KIR3DL2*129N,KIR3DL2*0020102,KIR3DL3*01302,KIR3DL3*01004
KIR3DL2*0020105,KIR3DL2*0070111,KIR3DL3*01502,KIR3DL3*00802
KIR3DL2*0070103,KIR3DL2*00903,KIR3DL3*0030103,KIR3DL3*0090101
KIR3DL2*0010109,KIR3DL2*0020102,KIR3DL3*0090103,KIR3DL3*0020202
KIR3DL2*00903,KIR3DL2*056,KIR3DL3*0140203,KIR3DL3*0010102
KIR3DL2*0010304,KIR3DL2*023,KIR3DL3*01001,KIR3DL3*0040202
KIR3DL2*127,KIR3DL2*0020102,KIR3DL3*0090101,KIR3DL3*0140203
KIR3DL2*023,KIR3DL2*127,KIR3DL3*01001,KIR3DL3*0250101
KIR3DL2*0010104,KIR3DL2*127,KIR3DL3*0030112,KIR3DL3*0140206
KIR3DL2*137,KIR3DL2*023,KIR3DL3*0020202,KIR3DL3*0020204
KIR3DL2*00110,KIR3DL2*023,KIR3DL3*0090101,KIR3DL3*0020202
KIR3DL2*0010304,KIR3DL2*0070110,KIR3DL3*0030112,KIR3DL3*0020602
KIR3DL2*0070113,KIR3DL2*0010304,KIR3DL3*0090101,KIR3DL3*0030112
KIR3DL2*0020105,KIR3DL2*0050101,KIR3DL3*0020603,KIR3DL3*0010101
KIR3DL2*0070114,KIR3DL2*0010109,KIR3DL3*0030103,KIR3DL3*02702
KIR3DL2*0070106,KIR3DL2*0090102,KIR3DL3*103,KIR3DL3*0030112
KIR3DL2*0020113,KIR3DL2*0020109,KIR3DL3*0010102,KIR3DL3*0090101
KIR3DL2*01001,KIR3DL2*0070106,KIR3DL3*0090101,KIR3DL3*01303
KIR3DL2*0010101,KIR3DL2*0020105,KIR3DL3*01701,KIR3DL3*0090103
KIR3DL2*137,KIR3DL2*00903,KIR3DL3*0010104,KIR3DL3*0070102
KIR3DL2*0070109,KIR3DL2*00903,KIR3DL3*0020702,KIR3DL3*036
KIR3DL2*1220102,KIR3DL2*0010102,KIR3DL3*0070102,KIR3DL3*103
KIR3DL2*0070113,KIR3DL2*0020101,KIR3DL3*0030106,KIR3DL3*00801
KIR3DL2*0020105,KIR3DL2*0050101,KIR3DL3*0020602,KIR3DL3*103
KIR3DL2*129N,KIR3DL2*0070114,KIR3DL3*0020701,KIR3DL3*04801
KIR3DL2*0070106,KIR3DL2*119,KIR3DL3*0020604,KIR3DL3*0020203
KIR3DL2*0030102,KIR3DL2*0070112,KIR3DL3*0010202,KIR3DL3*0020204
KIR3DL2*0010301,KIR3DL2*0010109,KIR3DL3*0010102,KIR3DL3*0020604
KIR3DL2*0010301,KIR3DL2*0070106,KIR3DL3*0020603,KIR3DL3*04801
KIR3DL2*01101,KIR3DL2*0020102,KIR3DL3*0030103,KIR3DL3*0140205
KIR3DL2*0010104,KIR3DL2*0020107,KIR3DL3*0250101,KIR3DL3*0020701
KIR3DL2*0050101,KIR3DL2*0080102,KIR3DL3*0010104,KIR3DL3*0020203
KIR3DL2*0010304,KIR3DL2*0050101,KIR3DL3*0090106,KIR3DL3*0020202
KIR3DL2*0020110,KIR3DL2*0080102,KIR3DL3*0040202,KIR3DL3*0010104
KIR3DL2*0070108,KIR3DL2*0020105,KIR3DL3*0010102,KIR3DL3*01302
KIR3DL2*129N,KIR3DL2*0080103,KIR3DL3*0020204,KIR3DL3*005
KIR3DL2*0070109,KIR3DL2*023,KIR3DL3*0030105,KIR3DL3*01701
KIR3DL2*0090102,KIR3DL2*0020110,KIR3DL3*0040202,KIR3DL3*0090107
KIR3DL2*0050102,KIR3DL2*0020102,KIR3DL3*01701,KIR3DL3*0020202
KIR3DL2*0050101,KIR3DL2*0020102,KIR3DL3*103,KIR3DL3*00802
KIR3DL2*0050101,KIR3DL2*0010304,KIR3DL3*0030112,KIR3DL3*0020605
KIR3DL2*0070111,KIR3DL2*124,KIR3DL3*080N,KIR3DL3*0030106
KIR3DL2*141N,KIR3DL2*01001,KIR3DL3*0020202,KIR3DL3*0020203
KIR3DL2*0020104,KIR3DL2*0070106,KIR3DL3*0030112,KIR3DL3*0090106
KIR3DL2*0010109,KIR3DL2*0070102,KIR3DL3*0010104,KIR3DL3*0030104
KIR3DL2*0010304,KIR3DL2*0050101,KIR3DL3*0020202,KIR3DL3*01503
KIR3DL2*0050102,KIR3DL2*0180102,KIR3DL3*0020202,KIR3DL3*00902
KIR3DL2*0071202,KIR3DL2*0090102,KIR3DL3*019,KIR3DL3*02701
KIR3DL2*0010109,KIR3DL2*129N,KIR3DL3*0090101,KIR3DL3*0030103
KIR3DL2*0020113,KIR3DL2*0010107,KIR3DL3*00902,KIR3DL3*01701
KIR3DL2*0071202,KIR3DL2*137,KIR3DL3*0030105,KIR3DL3*0030112
KIR3DL2*0010107,KIR3DL2*0070112,KIR3DL3*0030112,KIR3DL3*0030103
KIR3DL2*0010107,KIR3DL2*0010101,KIR3DL3*0060101,KIR3DL3*0030112
KIR3DL2*0030102,KIR3DL2*0010101,KIR3DL3*0030104,KIR3DL3*0090104
KIR3DL2*0070112,KIR3DL2*0070106,KIR3DL3*036,KIR3DL3*0140205
KIR3DL2*01001,KIR3DL2*0020105,KIR3DL3*102,KIR3DL3*0090103
KIR3DL2*0010107,KIR3DL2*0020108,KIR3DL3*0140205,KIR3DL3*0010101
KIR3DL2*0010101,KIR3DL2*0010104,KIR3DL3*01001,KIR3DL3*0020701
KIR3DL2*1390102,KIR3DL2*123,KIR3DL3*103,KIR3DL3*104
KIR3DL2*0010109,KIR3DL2*0070106,KIR3DL3*0010104,KIR3DL3*0140206
KIR3DL2*0020113,KIR3DL2*0010107,KIR3DL3*0020602,KIR3DL3*0020702
KIR3DL2*0090102,KIR3DL2*0010108,KIR3DL3*00602,KIR3DL3*0090107
KIR3DL2*0090101,KIR3DL2*137,KIR3DL3*0030112,KIR3DL3*065
KIR3DL2*1350102,KIR3DL2*137,KIR3DL3*0030105,KIR3DL3*0410102
KIR3DL2*0070110,KIR3DL2*1250102,KIR3DL3*0030112,KIR3DL3*0010102
KIR3DL2*121,KIR3DL2*0010301,KIR3DL3*02702,KIR3DL3*0410102
KIR3DL2*0070102,KIR3DL2*00205,KIR3DL3*01502,KIR3DL3*0030112
KIR3DL2*137,KIR3DL2*0020112,KIR3DL3*0030112,KIR3DL3*0090105
KIR3DL2*0070106,KIR3DL2*0010102,KIR3DL3*0040201,KIR3DL3*0010101
KIR3DL2*137,KIR3DL2*0070106,KIR3DL3*0030112,KIR3DL3*0040202
KIR3DL2*0020105,KIR3DL2*0010101,KIR3DL3*01303,KIR3DL3*01502
KIR3DL2*119,KIR3DL2*137,KIR3DL3*0010101,KIR3DL3*019
KIR3DL2*0020113,KIR3DL2*0071202,KIR3DL3*00802,KIR3DL3*019
KIR3DL2*01001,KIR3DL2*137,KIR3DL3*0090101,KIR3DL3*0010101
KIR3DL2*0090102,KIR3DL2*0010303,KIR3DL3*01001,KIR3DL3*01701
KIR3DL2*137,KIR3DL2*0020113,KIR3DL3*0030112,KIR3DL3*02802
KIR3DL2*0071202,KIR3DL2*0010107,KIR3DL3*0030105,KIR3DL3*0020202
KIR3DL2*0020105,KIR3DL2*0070106,KIR3DL3*0010101,KIR3DL3*0020602
KIR3DL2*0020113,KIR3DL2*140,KIR3DL3*0090101,KIR3DL3*02701
KIR3DL2*0070106,KIR3DL2*0010304,KIR3DL3*0140205,KIR3DL3*099
KIR3DL2*137,KIR3DL2*129N,KIR3DL3*0030112,KIR3DL3*099
KIR3DL2*0090101,KIR3DL2*0071301,KIR3DL3*0070102,KIR3DL3*0030112
